filename,order,age,gender,anger,comtempt,disgust,fear,happiness,neutral,sadness,surprise,Lat,Lon,âÊëúÉTÉCÉY,35mmä∑éZ,ójì˙,ì˙ït,éûä‘ë—,male_tf,happy_tf,kao,distance,èÍèä
DSD06637-1221,1,44,male,0,0.008,0,0,0.22,0.77,0.002,0,35.67156813,139.7031471,378,35,ìy,2019/12/21,2,1,0,161.9,2.53345679,2
DSD06637-1221,2,15,female,0,0,0,0,0,0.993,0.007,0,35.67156813,139.7031471,320,35,ìy,2019/12/21,2,0,0,153.8,2.838645833,2
DSD06637-1221,3,28,female,0,0,0,0,0.577,0.422,0.001,0.001,35.67156813,139.7031471,205,35,ìy,2019/12/21,2,0,1,153.8,4.411422764,2
DSD06637-1221,4,15,female,0,0,0,0.031,0.001,0.691,0.169,0.108,35.67156813,139.7031471,161,35,ìy,2019/12/21,2,0,0,153.8,5.607463768,2
DSD06637-1221,5,41,male,0,0.001,0,0,0.023,0.972,0.004,0,35.67156813,139.7031471,129,35,ìy,2019/12/21,2,1,0,161.9,7.356059432,2
DSD06637-1221,6,50,female,0,0.001,0,0,0,0.937,0.062,0,35.67156813,139.7031471,108,35,ìy,2019/12/21,2,0,0,153.8,8.342098765,2
DSD06637-1221,7,47,male,0,0,0,0,0,0.978,0.02,0.001,35.67156813,139.7031471,103,35,ìy,2019/12/21,2,1,0,161.9,9.204093851,2
DSD06637-1221,9,17,female,0,0,0,0.001,0.001,0.948,0.001,0.049,35.67156813,139.7031471,62,35,ìy,2019/12/21,2,0,0,153.8,14.50543011,2
DSD06637-1221,10,18,female,0,0,0,0,0.005,0.994,0,0,35.67156813,139.7031471,58,35,ìy,2019/12/21,2,0,0,153.8,15.5033908,2
DSD06637-1221,11,12,female,0,0,0,0,0,0.995,0.001,0.003,35.67156813,139.7031471,53,35,ìy,2019/12/21,2,0,0,153.8,16.96267296,2
DSD06637-1221,13,25,male,0,0,0,0,0,1,0,0,35.67156813,139.7031471,37,35,ìy,2019/12/21,2,1,0,161.9,25.55977477,2
DSD06638-1221,1,19,female,0,0.004,0,0,0.109,0.847,0.038,0.001,35.67156484,139.7031979,950,35,ìy,2019/12/21,2,0,0,153.8,0.979385965,2
DSD06638-1221,2,17,female,0.001,0.013,0,0,0.001,0.983,0.002,0,35.67156484,139.7031979,666,35,ìy,2019/12/21,2,0,0,153.8,1.382097097,2
DSD06638-1221,3,15,female,0,0,0,0,0,0.995,0.005,0,35.67156484,139.7031979,320,35,ìy,2019/12/21,2,0,0,153.8,2.838645833,2
DSD06638-1221,4,34,female,0,0.026,0,0.001,0.065,0.902,0.002,0.003,35.67156484,139.7031979,221,35,ìy,2019/12/21,2,0,0,153.8,4.094577677,2
DSD06638-1221,5,19,female,0,0,0,0,0.001,0.968,0.031,0,35.67156484,139.7031979,188,35,ìy,2019/12/21,2,0,0,153.8,4.807163121,2
DSD06638-1221,6,23,female,0.001,0,0.001,0.002,0.605,0.058,0.003,0.33,35.67156484,139.7031979,105,35,ìy,2019/12/21,2,0,1,153.8,8.579444444,2
DSD06638-1221,8,20,male,0,0,0,0,0,1,0,0,35.67156484,139.7031979,49,35,ìy,2019/12/21,2,1,0,161.9,19.30880952,2
DSD06638-1221,9,25,male,0,0,0,0,0,1,0,0,35.67156484,139.7031979,47,35,ìy,2019/12/21,2,1,0,161.9,20.12897163,2
DSD06638-1221,10,23,male,0,0,0,0,0,0.999,0.001,0,35.67156484,139.7031979,47,35,ìy,2019/12/21,2,1,0,161.9,20.12897163,2
DSD06638-1221,11,26,male,0.002,0,0,0,0,0.993,0.004,0,35.67156484,139.7031979,41,35,ìy,2019/12/21,2,1,0,161.9,23.06955285,2
DSD06638-1221,12,11,female,0.012,0,0.001,0,0.47,0.515,0.001,0,35.67156484,139.7031979,40,35,ìy,2019/12/21,2,0,0,153.8,22.46416667,2
DSD06638-1221,13,37,male,0,0,0,0,0,0.88,0,0.119,35.67156484,139.7031979,38,35,ìy,2019/12/21,2,1,0,161.9,24.88807018,2
DSD06638-1221,14,11,male,0,0,0,0,0,0.999,0,0.001,35.67156484,139.7031979,37,35,ìy,2019/12/21,2,1,0,161.9,25.55977477,2
DSD06638-1221,15,28,female,0,0,0,0,0.005,0.959,0.035,0.001,35.67156484,139.7031979,37,35,ìy,2019/12/21,2,0,0,153.8,24.28274775,2
DSD06638-1221,16,24,male,0,0,0,0,0,0.99,0,0.01,35.67156484,139.7031979,36,35,ìy,2019/12/21,2,1,0,161.9,26.2687963,2
DSD06639-1221,1,27,female,0,0,0,0,0,0.986,0.014,0,35.67153829,139.7033004,498,35,ìy,2019/12/21,2,0,0,153.8,1.836539491,2
DSD06639-1221,2,19,female,0,0.029,0,0,0,0.967,0.004,0,35.67153829,139.7033004,163,35,ìy,2019/12/21,2,0,0,153.8,5.53908998,2
DSD06639-1221,3,22,female,0.001,0.001,0,0,0.001,0.967,0.03,0,35.67153829,139.7033004,154,35,ìy,2019/12/21,2,0,0,153.8,5.860757576,2
DSD06639-1221,4,19,male,0,0.022,0.003,0,0.888,0.088,0,0,35.67153829,139.7033004,128,35,ìy,2019/12/21,2,1,1,161.9,7.413255208,2
DSD06639-1221,5,34,male,0,0,0,0,0.007,0.991,0.001,0,35.67153829,139.7033004,113,35,ìy,2019/12/21,2,1,0,161.9,8.392669617,2
DSD06639-1221,6,19,female,0,0,0,0,0,0.988,0.012,0,35.67153829,139.7033004,87,35,ìy,2019/12/21,2,0,0,153.8,10.34726054,2
DSD06639-1221,8,25,male,0,0.001,0,0,0.017,0.979,0.004,0,35.67153829,139.7033004,77,35,ìy,2019/12/21,2,1,0,161.9,12.30015152,2
DSD06639-1221,9,32,male,0,0,0,0,0,0.887,0.112,0,35.67153829,139.7033004,73,35,ìy,2019/12/21,2,1,0,161.9,12.97221461,2
DSD06639-1221,10,19,male,0,0.005,0,0,0.648,0.346,0,0,35.67153829,139.7033004,72,35,ìy,2019/12/21,2,1,1,161.9,13.15189815,2
DSD06639-1221,11,15,female,0,0,0,0,0,0.987,0.004,0.008,35.67153829,139.7033004,66,35,ìy,2019/12/21,2,0,0,153.8,13.62843434,2
DSD06639-1221,12,30,male,0,0,0,0,0,1,0,0,35.67153829,139.7033004,62,35,ìy,2019/12/21,2,1,0,161.9,15.26752688,2
DSD06639-1221,13,28,male,0,0,0,0,0,0.999,0.001,0,35.67153829,139.7033004,58,35,ìy,2019/12/21,2,1,0,161.9,16.31804598,2
DSD06639-1221,14,22,male,0.034,0.001,0.001,0,0.002,0.956,0.006,0,35.67153829,139.7033004,52,35,ìy,2019/12/21,2,1,0,161.9,18.19685897,2
DSD06639-1221,15,24,female,0,0,0,0,0,0.991,0,0.009,35.67153829,139.7033004,49,35,ìy,2019/12/21,2,0,0,153.8,18.34452381,2
DSD06639-1221,16,16,female,0,0.001,0,0,0.84,0.158,0,0,35.67153829,139.7033004,48,35,ìy,2019/12/21,2,0,1,153.8,18.72597222,2
DSD06639-1221,17,37,male,0,0,0,0,1,0,0,0,35.67153829,139.7033004,45,35,ìy,2019/12/21,2,1,1,161.9,21.02203704,2
DSD06639-1221,18,22,female,0,0,0,0,0,0.985,0,0.014,35.67153829,139.7033004,42,35,ìy,2019/12/21,2,0,0,153.8,21.39611111,2
DSD06639-1221,19,23,female,0.002,0.002,0,0,0,0.981,0.015,0,35.67153829,139.7033004,40,35,ìy,2019/12/21,2,0,0,153.8,22.46416667,2
DSD06639-1221,20,19,female,0,0.001,0,0.006,0.024,0.758,0.009,0.202,35.67153829,139.7033004,38,35,ìy,2019/12/21,2,0,0,153.8,23.64464912,2
DSD06639-1221,21,44,male,0,0,0,0,0.018,0.981,0,0,35.67153829,139.7033004,36,35,ìy,2019/12/21,2,1,0,161.9,26.2687963,2
DSD06640-1221,1,30,female,0.001,0.009,0,0,0.01,0.977,0.002,0.001,35.67151419,139.7034562,424,35,ìy,2019/12/21,2,0,0,153.8,2.150959119,2
DSD06640-1221,2,44,female,0,0,0,0,0,0.917,0.082,0,35.67151419,139.7034562,228,35,ìy,2019/12/21,2,0,0,153.8,3.96994152,2
DSD06640-1221,3,16,female,0,0,0,0,0,0.991,0.009,0,35.67151419,139.7034562,174,35,ìy,2019/12/21,2,0,0,153.8,5.191130268,2
DSD06640-1221,5,17,male,0,0,0,0,0.303,0.697,0,0,35.67151419,139.7034562,69,35,ìy,2019/12/21,2,1,0,161.9,13.72219807,2
DSD06640-1221,6,22,female,0,0.001,0,0,0,0.969,0.029,0,35.67151419,139.7034562,64,35,ìy,2019/12/21,2,0,0,153.8,14.05322917,2
DSD06641-1221,1,24,female,0.001,0,0,0,0,0.956,0.043,0,35.67149945,139.70356,402,35,ìy,2019/12/21,2,0,0,153.8,2.266757877,2
DSD06641-1221,2,30,male,0,0.008,0,0,0.001,0.988,0.003,0,35.67149945,139.70356,370,35,ìy,2019/12/21,2,1,0,161.9,2.587477477,2
DSD06641-1221,3,19,female,0,0,0,0,0,1,0,0,35.67149945,139.70356,246,35,ìy,2019/12/21,2,0,0,153.8,3.68201897,2
DSD06641-1221,4,19,female,0,0,0,0,0,0.995,0.004,0,35.67149945,139.70356,245,35,ìy,2019/12/21,2,0,0,153.8,3.696904762,2
DSD06641-1221,5,19,female,0.022,0.002,0.008,0.002,0.041,0.682,0.002,0.241,35.67149945,139.70356,232,35,ìy,2019/12/21,2,0,0,153.8,3.902097701,2
DSD06641-1221,6,22,male,0,0,0,0,0,0.996,0.001,0.003,35.67149945,139.70356,155,35,ìy,2019/12/21,2,1,0,161.9,6.128010753,2
DSD06641-1221,8,49,male,0.002,0.041,0,0.001,0.002,0.932,0.02,0.003,35.67149945,139.70356,125,35,ìy,2019/12/21,2,1,0,161.9,7.590333333,2
DSD06642-1221,1,23,female,0,0,0,0,0.068,0.923,0.009,0,35.67146639,139.7036464,553,35,ìy,2019/12/21,2,0,0,153.8,1.657362869,2
DSD06642-1221,2,26,male,0,0,0,0,0,0.984,0.016,0,35.67146639,139.7036464,207,35,ìy,2019/12/21,2,1,0,161.9,4.597399356,2
DSD06642-1221,3,20,male,0,0.001,0,0,0,0.989,0.01,0,35.67146639,139.7036464,158,35,ìy,2019/12/21,2,1,0,161.9,6.012320675,2
DSD06642-1221,4,30,male,0,0,0,0,0,1,0,0,35.67146639,139.7036464,153,35,ìy,2019/12/21,2,1,0,161.9,6.207657952,2
DSD06643-1221,1,22,male,0.001,0,0,0,0,0.986,0.012,0,35.67143997,139.7038449,289,35,ìy,2019/12/21,2,1,0,161.9,3.302877739,2
DSD06643-1221,2,21,male,0.022,0.001,0,0,0,0.966,0.002,0.009,35.67143997,139.7038449,160,35,ìy,2019/12/21,2,1,0,161.9,5.937604167,2
DSD06644-1221,1,14,female,0,0.001,0,0,0.024,0.957,0.018,0,35.6714149,139.7038913,639,35,ìy,2019/12/21,2,0,0,153.8,1.439016693,2
DSD06644-1221,2,28,male,0,0.002,0,0,0.37,0.627,0.001,0,35.6714149,139.7038913,363,35,ìy,2019/12/21,2,1,0,161.9,2.636698806,2
DSD06644-1221,3,20,female,0,0,0,0,0,0.999,0.001,0,35.6714149,139.7038913,246,35,ìy,2019/12/21,2,0,0,153.8,3.68201897,2
DSD06644-1221,4,19,male,0,0.001,0,0,0.968,0.028,0.002,0,35.6714149,139.7038913,220,35,ìy,2019/12/21,2,1,1,161.9,4.32780303,2
DSD06644-1221,5,12,female,0.008,0.002,0.003,0.002,0.012,0.846,0.003,0.124,35.6714149,139.7038913,196,35,ìy,2019/12/21,2,0,0,153.8,4.612380952,2
DSD06644-1221,6,31,male,0,0,0,0,0,0.999,0.001,0,35.6714149,139.7038913,131,35,ìy,2019/12/21,2,1,0,161.9,7.244287532,2
DSD06644-1221,8,23,female,0,0,0,0,0,0.996,0.004,0,35.6714149,139.7038913,86,35,ìy,2019/12/21,2,0,0,153.8,10.46717054,2
DSD06644-1221,11,34,male,0.002,0.001,0.001,0.003,0,0.841,0.003,0.149,35.6714149,139.7038913,69,35,ìy,2019/12/21,2,1,0,161.9,13.72219807,2
DSD06644-1221,12,26,female,0,0,0,0,0.981,0.019,0,0,35.6714149,139.7038913,55,35,ìy,2019/12/21,2,0,1,153.8,16.34712121,2
DSD06645-1221,1,27,female,0.001,0.009,0,0,0.055,0.898,0.037,0,35.67144583,139.70398,623,35,ìy,2019/12/21,2,0,0,153.8,1.475074906,2
DSD06645-1221,2,22,female,0,0,0,0,0,0.999,0.001,0,35.67144583,139.70398,363,35,ìy,2019/12/21,2,0,0,153.8,2.506533517,2
DSD06645-1221,3,23,male,0,0,0,0,0.01,0.989,0,0.001,35.67144583,139.70398,101,35,ìy,2019/12/21,2,1,0,161.9,9.385660066,2
DSD06646-1221,1,35,female,0,0.001,0,0,0.003,0.991,0.003,0.002,35.67138404,139.7040667,313,35,ìy,2019/12/21,2,0,0,153.8,2.901347178,2
DSD06646-1221,2,29,female,0,0.002,0,0,0,0.982,0.007,0.009,35.67138404,139.7040667,310,35,ìy,2019/12/21,2,0,0,153.8,2.929086022,2
DSD06646-1221,3,28,female,0,0,0,0,0.018,0.919,0.062,0,35.67138404,139.7040667,249,35,ìy,2019/12/21,2,0,0,153.8,3.638078983,2
DSD06646-1221,4,34,male,0.002,0.012,0.031,0,0.005,0.946,0.003,0,35.67138404,139.7040667,224,35,ìy,2019/12/21,2,1,0,161.9,4.251145833,2
DSD06646-1221,5,51,male,0.001,0,0,0,0.002,0.933,0.062,0.001,35.67138404,139.7040667,161,35,ìy,2019/12/21,2,1,0,161.9,5.900942029,2
DSD06646-1221,6,31,female,0.01,0.089,0.001,0,0.022,0.878,0.001,0,35.67138404,139.7040667,106,35,ìy,2019/12/21,2,0,0,153.8,8.498836478,2
DSD06647-1221,1,11,female,0,0,0,0.002,0,0.741,0.092,0.165,35.67134813,139.7042038,514,35,ìy,2019/12/21,2,0,0,153.8,1.780460441,2
DSD06647-1221,2,19,female,0,0,0,0,0.993,0.001,0.006,0,35.67134813,139.7042038,488,35,ìy,2019/12/21,2,0,1,153.8,1.873456284,2
DSD06647-1221,3,18,female,0.007,0.069,0,0,0,0.917,0.006,0,35.67134813,139.7042038,347,35,ìy,2019/12/21,2,0,0,153.8,2.620494717,2
DSD06647-1221,4,22,female,0,0,0,0,0,0.986,0.013,0,35.67134813,139.7042038,245,35,ìy,2019/12/21,2,0,0,153.8,3.696904762,2
DSD06647-1221,5,25,male,0,0,0,0,0,1,0,0,35.67134813,139.7042038,179,35,ìy,2019/12/21,2,1,0,161.9,5.311070764,2
DSD06647-1221,6,22,female,0,0,0,0,0,0.999,0,0.001,35.67134813,139.7042038,144,35,ìy,2019/12/21,2,0,0,153.8,6.265324074,2
DSD06647-1221,8,32,male,0,0,0,0,0,1,0,0,35.67134813,139.7042038,119,35,ìy,2019/12/21,2,1,0,161.9,7.97127451,2
DSD06647-1221,9,19,female,0.001,0.001,0,0,0,0.994,0.004,0,35.67134813,139.7042038,107,35,ìy,2019/12/21,2,0,0,153.8,8.419735202,2
DSD06647-1221,11,37,female,0,0,0,0,0,1,0,0,35.67134813,139.7042038,72,35,ìy,2019/12/21,2,0,0,153.8,12.49564815,2
DSD06648-1221,1,47,male,0,0,0,0,0,0.62,0.38,0,35.67136972,139.7042358,508,35,ìy,2019/12/21,2,1,0,161.9,1.894087927,2
DSD06648-1221,2,18,female,0,0,0,0,0,0.475,0.007,0.517,35.67136972,139.7042358,413,35,ìy,2019/12/21,2,0,0,153.8,2.207316384,2
DSD06648-1221,3,6,female,0,0.001,0,0,0.226,0.771,0.001,0.001,35.67136972,139.7042358,389,35,ìy,2019/12/21,2,0,0,153.8,2.341341045,2
DSD06648-1221,4,16,female,0.004,0,0,0,0,0.994,0.002,0,35.67136972,139.7042358,177,35,ìy,2019/12/21,2,0,0,153.8,5.10373823,2
DSD06648-1221,5,17,female,0,0,0,0,0,1,0,0,35.67136972,139.7042358,85,35,ìy,2019/12/21,2,0,0,153.8,10.58990196,2
DSD06649-1221,1,23,male,0,0,0,0,0,0.998,0.001,0.001,35.67133333,139.7043111,430,35,ìy,2019/12/21,2,1,0,161.9,2.231317829,2
DSD06649-1221,2,35,female,0,0.005,0,0,0.638,0.355,0,0.001,35.67133333,139.7043111,248,35,ìy,2019/12/21,2,0,1,153.8,3.652607527,2
DSD06649-1221,3,21,female,0.003,0,0,0,0,0.978,0.006,0.011,35.67133333,139.7043111,194,35,ìy,2019/12/21,2,0,0,153.8,4.659570447,2
DSD06649-1221,4,19,female,0,0.286,0,0,0.005,0.696,0.013,0,35.67133333,139.7043111,156,35,ìy,2019/12/21,2,0,0,153.8,5.786068376,2
DSD06649-1221,5,19,male,0.001,0.001,0,0,0,0.988,0.01,0,35.67133333,139.7043111,149,35,ìy,2019/12/21,2,1,0,161.9,6.37336689,2
DSD06649-1221,6,19,male,0,0,0,0,0,0.997,0.003,0,35.67133333,139.7043111,125,35,ìy,2019/12/21,2,1,0,161.9,7.590333333,2
DSD06649-1221,7,40,male,0.001,0.003,0.004,0.001,0.02,0.654,0.003,0.316,35.67133333,139.7043111,121,35,ìy,2019/12/21,2,1,0,161.9,7.840096419,2
DSD06649-1221,8,20,male,0,0,0,0,0.001,0.998,0.001,0,35.67133333,139.7043111,99,35,ìy,2019/12/21,2,1,0,161.9,9.57456229,2
DSD06649-1221,9,19,female,0,0,0,0,0,0.994,0.006,0,35.67133333,139.7043111,94,35,ìy,2019/12/21,2,0,0,153.8,9.579326241,2
DSD06649-1221,10,44,male,0,0,0,0,0.921,0.079,0,0,35.67133333,139.7043111,66,35,ìy,2019/12/21,2,1,1,161.9,14.34434343,2
DSD06649-1221,11,12,female,0,0,0,0,0,0.864,0.136,0,35.67133333,139.7043111,61,35,ìy,2019/12/21,2,0,0,153.8,14.74265027,2
DSD06650-1221,1,18,male,0.003,0,0.001,0,0.006,0.954,0.034,0.001,35.671315,139.704415,136,35,ìy,2019/12/21,2,1,0,161.9,6.979240196,2
DSD06650-1221,3,30,female,0,0,0,0,0.006,0.985,0.005,0.003,35.671315,139.704415,83,35,ìy,2019/12/21,2,0,0,153.8,10.84423695,2
DSD06651-1221,1,27,female,0,0,0,0,0,0.995,0.004,0,35.67127667,139.7045181,444,35,ìy,2019/12/21,2,0,0,153.8,2.055645646,2
DSD06651-1221,2,19,female,0,0.001,0,0,0,0.999,0.001,0,35.67127667,139.7045181,416,35,ìy,2019/12/21,2,0,0,153.8,2.191650641,2
DSD06651-1221,3,21,female,0,0,0,0,0,0.999,0.001,0,35.67127667,139.7045181,366,35,ìy,2019/12/21,2,0,0,153.8,2.486275046,2
DSD06651-1221,4,21,male,0.001,0,0,0,0.002,0.967,0.03,0,35.67127667,139.7045181,311,35,ìy,2019/12/21,2,1,0,161.9,3.071709539,2
DSD06651-1221,5,23,male,0.002,0.001,0,0,0.795,0.201,0,0,35.67127667,139.7045181,171,35,ìy,2019/12/21,2,1,1,161.9,5.557904483,2
DSD06651-1221,6,19,female,0,0.008,0,0,0.01,0.968,0.014,0,35.67127667,139.7045181,116,35,ìy,2019/12/21,2,0,0,153.8,7.769195402,2
DSD06652-1221,1,30,male,0,0,0,0,0,0.995,0.004,0,35.67129556,139.7045728,408,35,ìy,2019/12/21,2,1,0,161.9,2.349746732,2
DSD06652-1221,2,19,female,0,0,0,0.001,0,0.981,0.002,0.016,35.67129556,139.7045728,282,35,ìy,2019/12/21,2,0,0,153.8,3.21644208,2
DSD06652-1221,3,26,male,0,0.003,0,0,0.889,0.106,0,0,35.67129556,139.7045728,72,35,ìy,2019/12/21,2,1,1,161.9,13.15189815,2
DSD06652-1221,4,18,female,0,0,0,0,0,0.993,0.007,0,35.67129556,139.7045728,67,35,ìy,2019/12/21,2,0,0,153.8,13.42554726,2
DSD06653-1221,1,23,female,0,0,0,0,0,0.942,0.057,0,35.67125723,139.7046303,551,35,ìy,2019/12/21,2,0,0,153.8,1.663251664,2
DSD06653-1221,2,18,male,0,0,0,0,0,0.999,0.001,0,35.67125723,139.7046303,345,35,ìy,2019/12/21,2,1,0,161.9,2.772439614,2
DSD06653-1221,3,18,female,0,0,0,0,0,0.988,0.011,0,35.67125723,139.7046303,338,35,ìy,2019/12/21,2,0,0,153.8,2.68933925,2
DSD06653-1221,4,25,male,0.002,0.053,0.037,0,0.005,0.891,0.009,0.003,35.67125723,139.7046303,124,35,ìy,2019/12/21,2,1,0,161.9,7.651263441,2
DSD06654-1221,1,19,male,0.002,0,0,0.001,0,0.984,0.004,0.01,35.67124861,139.7047053,606,35,ìy,2019/12/21,2,1,0,161.9,1.593443344,2
DSD06654-1221,2,17,male,0,0.022,0,0,0,0.976,0.001,0.001,35.67124861,139.7047053,481,35,ìy,2019/12/21,2,1,0,161.9,1.998444213,2
DSD06654-1221,3,24,female,0,0,0,0,0.055,0.941,0.003,0,35.67124861,139.7047053,481,35,ìy,2019/12/21,2,0,0,153.8,1.900211365,2
DSD06654-1221,4,24,female,0.001,0.002,0,0,0.049,0.943,0.005,0,35.67124861,139.7047053,376,35,ìy,2019/12/21,2,0,0,153.8,2.42108156,2
DSD06654-1221,5,23,male,0,0,0,0,0.001,0.936,0.061,0.001,35.67124861,139.7047053,237,35,ìy,2019/12/21,2,1,0,161.9,4.01988045,2
DSD06654-1221,6,38,female,0,0,0,0,0.001,0.99,0.009,0,35.67124861,139.7047053,140,35,ìy,2019/12/21,2,0,0,153.8,6.443333333,2
DSD06655-1221,1,15,female,0.001,0,0,0.001,0,0.926,0.052,0.019,35.67127028,139.704755,402,35,ìy,2019/12/21,2,0,0,153.8,2.266757877,2
DSD06655-1221,2,20,female,0,0.001,0,0,0,0.983,0.007,0.008,35.67127028,139.704755,379,35,ìy,2019/12/21,2,0,0,153.8,2.402194371,2
DSD06655-1221,3,24,female,0,0,0,0,0,0.945,0.034,0.02,35.67127028,139.704755,352,35,ìy,2019/12/21,2,0,0,153.8,2.583768939,2
DSD06655-1221,4,21,female,0.002,0,0,0,0.001,0.994,0.002,0,35.67127028,139.704755,228,35,ìy,2019/12/21,2,0,0,153.8,3.96994152,2
DSD06655-1221,5,20,female,0,0.002,0,0,0.013,0.954,0.031,0,35.67127028,139.704755,222,35,ìy,2019/12/21,2,0,0,153.8,4.076291291,2
DSD06655-1221,6,18,female,0,0,0,0,0,0.995,0.005,0,35.67127028,139.704755,175,35,ìy,2019/12/21,2,0,0,153.8,5.161666667,2
DSD06656-1221,1,25,female,0,0,0,0,0,0.973,0,0.027,35.67118692,139.704886,337,35,ìy,2019/12/21,2,0,0,153.8,2.697215628,2
DSD06656-1221,2,19,male,0,0,0,0,0,0.998,0.002,0,35.67118692,139.704886,330,35,ìy,2019/12/21,2,1,0,161.9,2.896868687,2
DSD06656-1221,3,28,male,0,0,0,0,0,0.985,0.013,0.001,35.67118692,139.704886,137,35,ìy,2019/12/21,2,1,0,161.9,6.928552311,2
DSD06656-1221,4,20,female,0,0,0,0,0.975,0.025,0,0,35.67118692,139.704886,112,35,ìy,2019/12/21,2,0,1,153.8,8.045416667,2
DSD06656-1221,5,17,female,0,0,0,0,0,0.999,0,0,35.67118692,139.704886,93,35,ìy,2019/12/21,2,0,0,153.8,9.681953405,2
DSD06656-1221,6,4,female,0.005,0,0,0,0.181,0.793,0.019,0.001,35.67118692,139.704886,79,35,ìy,2019/12/21,2,0,0,153.8,11.39154008,2
DSD06656-1221,8,19,female,0,0,0,0,0,0.991,0.009,0,35.67118692,139.704886,65,35,ìy,2019/12/21,2,0,0,153.8,13.8375641,2
DSD06657-1221,1,38,female,0,0,0,0,0,0.999,0,0,35.67113806,139.7049958,942,35,ìy,2019/12/21,2,0,0,153.8,0.987406228,2
DSD06657-1221,2,38,male,0,0.001,0,0,0.52,0.477,0,0.002,35.67113806,139.7049958,318,35,ìy,2019/12/21,2,1,1,161.9,3.004863732,2
DSD06657-1221,3,20,male,0,0,0,0,0,0.999,0.001,0,35.67113806,139.7049958,276,35,ìy,2019/12/21,2,1,0,161.9,3.456799517,2
DSD06657-1221,4,18,male,0,0,0,0,0,0.979,0.02,0.001,35.67113806,139.7049958,180,35,ìy,2019/12/21,2,1,0,161.9,5.281759259,2
DSD06658-1221,1,30,male,0,0,0,0,0,0.986,0.014,0,35.67109639,139.7050372,582,35,ìy,2019/12/21,2,1,0,161.9,1.657709049,2
DSD06658-1221,2,34,male,0,0.001,0,0,0.876,0.122,0,0,35.67109639,139.7050372,226,35,ìy,2019/12/21,2,1,1,161.9,4.213834808,2
DSD06658-1221,3,19,female,0.001,0,0,0,0.002,0.979,0.016,0,35.67109639,139.7050372,179,35,ìy,2019/12/21,2,0,0,153.8,5.047104283,2
DSD06659-1221,1,19,female,0,0,0,0,0,0.997,0.003,0,35.67108535,139.7050897,411,35,ìy,2019/12/21,2,0,0,153.8,2.217887267,2
DSD06659-1221,2,22,male,0,0,0,0,0,0.999,0.001,0,35.67108535,139.7050897,394,35,ìy,2019/12/21,2,1,0,161.9,2.431996616,2
DSD06659-1221,3,8,male,0,0,0,0,0,0.997,0,0.003,35.67108535,139.7050897,243,35,ìy,2019/12/21,2,1,0,161.9,3.92148834,2
DSD06660-1221,1,21,female,0,0,0,0,0,0.992,0.008,0,35.67106306,139.7051628,215,35,ìy,2019/12/21,2,0,0,153.8,4.207868217,2
DSD06660-1221,2,20,female,0,0,0,0,1,0,0,0,35.67106306,139.7051628,169,35,ìy,2019/12/21,2,0,1,153.8,5.343678501,2
DSD06660-1221,3,22,female,0,0.003,0,0,0,0.807,0.189,0,35.67106306,139.7051628,114,35,ìy,2019/12/21,2,0,0,153.8,7.904883041,2
DSD06661-1221,1,31,male,0,0,0,0,0,0.946,0.053,0,35.67101972,139.7052383,556,35,ìy,2019/12/21,2,1,0,161.9,1.733591127,2
DSD06661-1221,2,24,female,0,0.004,0,0,0.717,0.28,0,0,35.67101972,139.7052383,520,35,ìy,2019/12/21,2,0,1,153.8,1.760320513,2
DSD06661-1221,3,22,male,0,0,0,0,0,1,0,0,35.67101972,139.7052383,317,35,ìy,2019/12/21,2,1,0,161.9,3.014232387,2
DSD06661-1221,4,20,male,0.001,0.001,0,0,0.001,0.989,0.002,0.005,35.67101972,139.7052383,240,35,ìy,2019/12/21,2,1,0,161.9,3.970069444,2
DSD06661-1221,5,16,female,0,0,0,0,0.001,0.992,0.008,0,35.67101972,139.7052383,204,35,ìy,2019/12/21,2,0,0,153.8,4.432875817,2
DSD06661-1221,6,20,male,0.001,0.004,0,0,0.313,0.68,0.001,0.001,35.67101972,139.7052383,130,35,ìy,2019/12/21,2,1,0,161.9,7.29974359,2
DSD06661-1221,7,22,female,0,0,0,0,0,0.886,0.113,0.001,35.67101972,139.7052383,95,35,ìy,2019/12/21,2,0,0,153.8,9.478859649,2
DSD06662-1221,1,16,female,0,0.002,0,0,0.007,0.986,0.004,0.001,35.67093299,139.7053602,616,35,ìy,2019/12/21,2,0,0,153.8,1.491439394,2
DSD06662-1221,2,41,female,0.001,0.001,0.001,0.001,0,0.76,0.235,0.002,35.67093299,139.7053602,520,35,ìy,2019/12/21,2,0,0,153.8,1.760320513,2
DSD06662-1221,3,21,female,0,0.001,0,0,0,0.976,0.023,0,35.67093299,139.7053602,300,35,ìy,2019/12/21,2,0,0,153.8,3.025555556,2
DSD06662-1221,6,18,female,0,0,0,0,1,0,0,0,35.67093299,139.7053602,166,35,ìy,2019/12/21,2,0,1,153.8,5.439618474,2
DSD06662-1221,7,16,female,0,0,0,0,1,0,0,0,35.67093299,139.7053602,107,35,ìy,2019/12/21,2,0,1,153.8,8.419735202,2
DSD06662-1221,8,16,male,0,0,0,0,0.001,0.997,0.002,0,35.67093299,139.7053602,66,35,ìy,2019/12/21,2,1,0,161.9,14.34434343,2
DSD06662-1221,9,22,male,0,0,0,0,0,0.995,0.005,0,35.67093299,139.7053602,53,35,ìy,2019/12/21,2,1,0,161.9,17.85418239,2
DSD06663-1221,1,24,female,0,0,0,0,0.095,0.898,0.002,0.004,35.67089611,139.7055128,317,35,ìy,2019/12/21,2,0,0,153.8,2.865178759,2
DSD06663-1221,2,17,female,0,0,0,0.001,0,0.968,0.003,0.028,35.67089611,139.7055128,133,35,ìy,2019/12/21,2,0,0,153.8,6.780614035,2
DSD06663-1221,3,11,female,0,0.02,0,0,0.001,0.973,0.007,0,35.67089611,139.7055128,125,35,ìy,2019/12/21,2,0,0,153.8,7.212333333,2
DSD06663-1221,4,16,male,0,0.001,0,0,0.08,0.897,0.023,0,35.67089611,139.7055128,83,35,ìy,2019/12/21,2,1,0,161.9,11.41351406,2
DSD06664-1221,1,20,female,0,0,0,0,0,1,0,0,35.67081793,139.7056083,406,35,ìy,2019/12/21,2,0,0,153.8,2.244770115,2
DSD06664-1221,2,25,female,0,0.001,0,0,0,0.995,0.003,0,35.67081793,139.7056083,301,35,ìy,2019/12/21,2,0,0,153.8,3.015620155,2
DSD06664-1221,3,21,female,0,0,0,0,0,0.989,0.011,0,35.67081793,139.7056083,142,35,ìy,2019/12/21,2,0,0,153.8,6.353075117,2
DSD06664-1221,4,23,female,0,0,0,0,0.002,0.994,0,0.004,35.67081793,139.7056083,98,35,ìy,2019/12/21,2,0,0,153.8,9.189761905,2
DSD06664-1221,5,36,male,0,0.001,0,0,0.028,0.969,0.001,0,35.67081793,139.7056083,77,35,ìy,2019/12/21,2,1,0,161.9,12.30015152,2
DSD06664-1221,6,39,female,0,0,0,0,0,0.996,0.004,0,35.67081793,139.7056083,71,35,ìy,2019/12/21,2,0,0,153.8,12.67115023,2
DSD06665-1221,1,21,male,0,0.001,0,0,0,0.997,0.002,0,35.67076369,139.7056988,572,35,ìy,2019/12/21,2,1,0,161.9,1.686078089,2
DSD06665-1221,2,18,female,0,0,0,0,0.983,0.016,0,0,35.67076369,139.7056988,304,35,ìy,2019/12/21,2,0,1,153.8,2.98620614,2
DSD06665-1221,3,18,female,0.011,0.006,0.016,0,0.017,0.95,0,0,35.67076369,139.7056988,279,35,ìy,2019/12/21,2,0,0,153.8,3.250651135,2
DSD06665-1221,4,21,female,0.001,0,0,0,0.001,0.974,0.015,0.01,35.67076369,139.7056988,97,35,ìy,2019/12/21,2,0,0,153.8,9.284140893,2
DSD06666-1221,1,17,male,0,0.042,0,0,0.003,0.937,0.019,0,35.67068736,139.705856,438,35,ìy,2019/12/21,2,1,0,161.9,2.191202435,2
DSD06666-1221,2,23,female,0.001,0,0.002,0,0.004,0.76,0.231,0.001,35.67068736,139.705856,399,35,ìy,2019/12/21,2,0,0,153.8,2.283538012,2
DSD06666-1221,3,25,male,0,0,0,0,0,0.995,0.005,0,35.67068736,139.705856,224,35,ìy,2019/12/21,2,1,0,161.9,4.251145833,2
DSD06666-1221,4,19,female,0,0,0,0,1,0,0,0,35.67068736,139.705856,197,35,ìy,2019/12/21,2,0,1,153.8,4.589145516,2
DSD06666-1221,5,25,female,0,0,0,0,0,0.983,0.002,0.014,35.67068736,139.705856,196,35,ìy,2019/12/21,2,0,0,153.8,4.612380952,2
DSD06666-1221,6,22,female,0,0,0,0,0,0.951,0.047,0.002,35.67068736,139.705856,75,35,ìy,2019/12/21,2,0,0,153.8,11.99722222,2
DSD06667-1221,1,40,male,0,0.003,0.001,0,0.388,0.607,0.001,0,35.67062417,139.7059767,510,35,ìy,2019/12/21,2,1,0,161.9,1.886797386,2
DSD06667-1221,2,11,female,0,0.001,0,0,0.114,0.885,0,0,35.67062417,139.7059767,497,35,ìy,2019/12/21,2,0,0,153.8,1.840164319,2
DSD06667-1221,3,25,male,0,0.001,0,0,0.049,0.947,0.003,0,35.67062417,139.7059767,256,35,ìy,2019/12/21,2,1,0,161.9,3.724127604,2
DSD06667-1221,4,27,male,0,0,0,0,1,0,0,0,35.67062417,139.7059767,211,35,ìy,2019/12/21,2,1,1,161.9,4.510908373,2
DSD06667-1221,5,53,male,0,0,0,0,0.002,0.993,0.001,0.003,35.67062417,139.7059767,207,35,ìy,2019/12/21,2,1,0,161.9,4.597399356,2
DSD06667-1221,6,25,male,0,0.003,0,0,0.696,0.297,0.003,0,35.67062417,139.7059767,195,35,ìy,2019/12/21,2,1,1,161.9,4.878162393,2
DSD06668-1221,1,21,male,0,0,0,0,0,0.998,0.001,0,35.67057692,139.706054,536,35,ìy,2019/12/21,2,1,0,161.9,1.796971393,2
DSD06668-1221,2,17,female,0,0,0,0,0,0.718,0,0.281,35.67057692,139.706054,332,35,ìy,2019/12/21,2,0,0,153.8,2.737309237,2
DSD06668-1221,3,19,female,0,0.001,0.001,0,0.762,0.191,0.046,0,35.67057692,139.706054,233,35,ìy,2019/12/21,2,0,1,153.8,3.885500715,2
DSD06668-1221,4,20,female,0,0,0,0,0.98,0.003,0.017,0,35.67057692,139.706054,120,35,ìy,2019/12/21,2,0,1,153.8,7.511388889,2
DSD06668-1221,5,44,female,0.001,0.017,0,0,0.001,0.807,0.173,0,35.67057692,139.706054,114,35,ìy,2019/12/21,2,0,0,153.8,7.904883041,2
DSD06668-1221,6,25,male,0,0,0,0,0,0.999,0.001,0,35.67057692,139.706054,95,35,ìy,2019/12/21,2,1,0,161.9,9.97622807,2
DSD06668-1221,7,20,female,0,0,0,0,0.027,0.96,0.004,0.008,35.67057692,139.706054,93,35,ìy,2019/12/21,2,0,0,153.8,9.681953405,2
DSD06668-1221,8,23,female,0,0,0,0.001,0.002,0.95,0.045,0.001,35.67057692,139.706054,93,35,ìy,2019/12/21,2,0,0,153.8,9.681953405,2
DSD06668-1221,9,21,female,0.001,0.05,0,0,0.001,0.941,0.007,0,35.67057692,139.706054,82,35,ìy,2019/12/21,2,0,0,153.8,10.97605691,2
DSD06668-1221,11,42,male,0,0,0,0,0.001,0.998,0.001,0,35.67057692,139.706054,59,35,ìy,2019/12/21,2,1,0,161.9,16.04206215,2
DSD06668-1221,12,33,male,0,0,0,0,0,1,0,0,35.67057692,139.706054,42,35,ìy,2019/12/21,2,1,0,161.9,22.52111111,2
DSD06668-1221,13,31,male,0,0,0,0,0.014,0.983,0,0.002,35.67057692,139.706054,38,35,ìy,2019/12/21,2,1,0,161.9,24.88807018,2
DSD06669-1221,1,40,male,0,0.02,0.003,0,0.374,0.6,0.002,0,35.67054139,139.7061511,394,35,ìy,2019/12/21,2,1,0,161.9,2.431996616,2
DSD06669-1221,2,20,female,0,0,0,0,0.002,0.648,0,0.349,35.67054139,139.7061511,345,35,ìy,2019/12/21,2,0,0,153.8,2.635483092,2
DSD06669-1221,3,30,male,0,0,0,0,0,0.995,0.005,0,35.67054139,139.7061511,314,35,ìy,2019/12/21,2,1,0,161.9,3.042696391,2
DSD06669-1221,4,31,male,0,0,0,0,0,0.999,0,0,35.67054139,139.7061511,249,35,ìy,2019/12/21,2,1,0,161.9,3.827838019,2
DSD06669-1221,5,29,female,0,0,0,0,0.988,0.012,0,0,35.67054139,139.7061511,248,35,ìy,2019/12/21,2,0,1,153.8,3.652607527,2
DSD06669-1221,6,23,male,0,0,0,0,0.001,0.982,0.011,0.005,35.67054139,139.7061511,145,35,ìy,2019/12/21,2,1,0,161.9,6.548218391,2
DSD06671-1221,1,16,male,0,0.001,0.001,0,0.866,0.129,0.001,0.002,35.67046175,139.7062903,410,35,ìy,2019/12/21,2,1,1,161.9,2.338455285,2
DSD06671-1221,2,35,male,0,0.008,0,0,0.191,0.798,0.001,0,35.67046175,139.7062903,364,35,ìy,2019/12/21,2,1,0,161.9,2.629551282,2
DSD06671-1221,3,19,male,0,0.001,0,0,0.019,0.959,0.021,0,35.67046175,139.7062903,143,35,ìy,2019/12/21,2,1,0,161.9,6.639312354,2
DSD06671-1221,4,16,female,0.001,0.035,0,0,0,0.957,0.007,0,35.67046175,139.7062903,67,35,ìy,2019/12/21,2,0,0,153.8,13.42554726,2
DSD06672-1221,1,24,male,0.001,0.001,0,0,0.011,0.985,0,0,35.67038181,139.7063923,729,35,ìy,2019/12/21,2,1,0,161.9,1.330496113,2
DSD06672-1221,2,20,female,0,0,0,0,0.955,0.044,0,0,35.67038181,139.7063923,542,35,ìy,2019/12/21,2,0,1,153.8,1.690289053,2
DSD06672-1221,3,36,male,0,0,0,0,0.006,0.971,0.022,0.001,35.67038181,139.7063923,415,35,ìy,2019/12/21,2,1,0,161.9,2.310702811,2
DSD06672-1221,4,28,female,0.076,0.002,0.009,0.007,0.007,0.727,0.024,0.149,35.67038181,139.7063923,219,35,ìy,2019/12/21,2,0,0,153.8,4.131651446,2
DSD06672-1221,5,28,male,0.002,0,0.003,0,0.955,0.033,0.006,0.001,35.67038181,139.7063923,176,35,ìy,2019/12/21,2,1,1,161.9,5.401003788,2
DSD06672-1221,6,23,female,0,0,0,0,1,0,0,0,35.67038181,139.7063923,170,35,ìy,2019/12/21,2,0,1,153.8,5.31245098,2
DSD06672-1221,7,19,male,0,0.031,0,0,0.968,0,0,0,35.67038181,139.7063923,163,35,ìy,2019/12/21,2,1,1,161.9,5.82896728,2
DSD06672-1221,8,40,male,0,0.001,0,0,0.918,0.081,0,0.001,35.67038181,139.7063923,151,35,ìy,2019/12/21,2,1,1,161.9,6.289415011,2
DSD06672-1221,9,17,female,0,0.001,0,0,0.869,0.13,0,0,35.67038181,139.7063923,127,35,ìy,2019/12/21,2,0,1,153.8,7.099304462,2
DSD06672-1221,11,16,female,0.003,0.002,0.001,0,0.19,0.794,0.009,0.001,35.67038181,139.7063923,55,35,ìy,2019/12/21,2,0,0,153.8,16.34712121,2
DSD06673-1221,1,19,female,0,0,0,0,0,0.98,0.02,0,35.67029944,139.7065353,472,35,ìy,2019/12/21,2,0,0,153.8,1.935776836,2
DSD06673-1221,2,19,male,0,0,0,0,0,0.996,0.004,0,35.67029944,139.7065353,460,35,ìy,2019/12/21,2,1,0,161.9,2.08807971,2
DSD06673-1221,3,51,female,0,0,0,0,0,0.982,0.004,0.014,35.67029944,139.7065353,223,35,ìy,2019/12/21,2,0,0,153.8,4.058168909,2
DSD06673-1221,4,41,female,0.004,0,0.003,0,0.964,0.027,0.001,0,35.67029944,139.7065353,155,35,ìy,2019/12/21,2,0,1,153.8,5.823172043,2
DSD06673-1221,5,20,male,0,0,0,0,0.007,0.891,0.097,0.005,35.67029944,139.7065353,94,35,ìy,2019/12/21,2,1,0,161.9,10.08198582,2
DSD06674-1221,1,44,female,0,0,0,0,0,0.882,0.117,0,35.67025466,139.7066074,467,35,ìy,2019/12/21,2,0,0,153.8,1.956127766,2
DSD06674-1221,2,20,female,0.033,0.388,0.007,0.001,0.01,0.361,0.201,0,35.67025466,139.7066074,339,35,ìy,2019/12/21,2,0,0,153.8,2.681509341,2
DSD06674-1221,3,22,female,0,0.001,0,0,0,0.877,0.121,0.001,35.67025466,139.7066074,237,35,ìy,2019/12/21,2,0,0,153.8,3.820513361,2
DSD06675-1221,1,18,female,0,0,0,0,0,1,0,0,35.67033808,139.7064706,476,35,ìy,2019/12/21,2,0,0,153.8,1.919803922,2
DSD06675-1221,2,21,female,0,0,0,0,0.001,0.995,0.002,0.002,35.67033808,139.7064706,459,35,ìy,2019/12/21,2,0,0,153.8,1.989611474,2
DSD06675-1221,3,39,female,0,0,0,0,0,0.997,0.003,0,35.67033808,139.7064706,255,35,ìy,2019/12/21,2,0,0,153.8,3.553300654,2
DSD06675-1221,4,30,male,0,0.001,0,0,0.005,0.992,0.001,0.001,35.67033808,139.7064706,223,35,ìy,2019/12/21,2,1,0,161.9,4.270052317,2
DSD06675-1221,5,16,female,0,0,0,0,0,0.918,0.082,0,35.67033808,139.7064706,214,35,ìy,2019/12/21,2,0,0,153.8,4.227367601,2
DSD06675-1221,6,27,male,0,0,0,0,0,0.986,0.014,0,35.67033808,139.7064706,94,35,ìy,2019/12/21,2,1,0,161.9,10.08198582,2
DSD06675-1221,7,22,female,0,0,0,0,0,1,0,0,35.67033808,139.7064706,71,35,ìy,2019/12/21,2,0,0,153.8,12.67115023,2
DSD06675-1221,8,10,female,0.001,0,0,0,0,0.986,0.013,0,35.67033808,139.7064706,61,35,ìy,2019/12/21,2,0,0,153.8,14.74265027,2
DSD06675-1221,9,21,female,0,0,0,0,0,1,0,0,35.67033808,139.7064706,61,35,ìy,2019/12/21,2,0,0,153.8,14.74265027,2
DSD06675-1221,10,51,male,0,0.002,0,0,0.14,0.857,0.001,0,35.67033808,139.7064706,60,35,ìy,2019/12/21,2,1,0,161.9,15.77527778,2
DSD06675-1221,11,16,female,0,0,0,0,0.062,0.927,0.01,0.001,35.67033808,139.7064706,54,35,ìy,2019/12/21,2,0,0,153.8,16.64919753,2
DSD06676-1221,1,45,male,0,0.001,0,0.001,0,0.725,0.271,0.001,35.67042515,139.7063545,377,35,ìy,2019/12/21,2,1,0,161.9,2.540083996,2
DSD06676-1221,2,24,female,0,0,0,0,0,1,0,0,35.67042515,139.7063545,276,35,ìy,2019/12/21,2,0,0,153.8,3.285603865,2
DSD06676-1221,3,30,female,0,0,0,0,0,0.966,0.033,0,35.67042515,139.7063545,248,35,ìy,2019/12/21,2,0,0,153.8,3.652607527,2
DSD06676-1221,4,20,female,0,0,0,0,0,0.999,0.001,0.001,35.67042515,139.7063545,148,35,ìy,2019/12/21,2,0,0,153.8,6.096936937,2
DSD06676-1221,5,17,female,0,0,0,0,0,0.973,0.027,0,35.67042515,139.7063545,135,35,ìy,2019/12/21,2,0,0,153.8,6.680679012,2
DSD06676-1221,6,22,female,0.004,0,0.003,0.001,0.944,0.021,0.027,0,35.67042515,139.7063545,107,35,ìy,2019/12/21,2,0,1,153.8,8.419735202,2
DSD06677-1221,1,35,male,0.002,0,0,0,0,0.997,0,0,35.67050768,139.7062024,342,35,ìy,2019/12/21,2,1,0,161.9,2.796452242,2
DSD06677-1221,2,21,female,0,0,0,0,0,0.997,0.002,0,35.67050768,139.7062024,320,35,ìy,2019/12/21,2,0,0,153.8,2.838645833,2
DSD06677-1221,3,19,female,0,0,0,0,0,0.998,0.002,0,35.67050768,139.7062024,140,35,ìy,2019/12/21,2,0,0,153.8,6.443333333,2
DSD06677-1221,4,20,male,0,0,0,0,0,0.99,0.001,0.008,35.67050768,139.7062024,133,35,ìy,2019/12/21,2,1,0,161.9,7.135877193,2
DSD06677-1221,5,24,female,0,0,0,0,0,0.923,0.077,0,35.67050768,139.7062024,124,35,ìy,2019/12/21,2,0,0,153.8,7.270215054,2
DSD06678-1221,1,22,female,0.001,0,0,0,0.004,0.982,0.012,0,35.67065512,139.7058986,283,35,ìy,2019/12/21,2,0,0,153.8,3.205200236,2
DSD06678-1221,2,20,female,0,0,0,0,0,0.915,0.001,0.083,35.67065512,139.7058986,282,35,ìy,2019/12/21,2,0,0,153.8,3.21644208,2
DSD06678-1221,3,23,female,0,0,0,0,0,0.914,0.085,0.001,35.67065512,139.7058986,176,35,ìy,2019/12/21,2,0,0,153.8,5.132537879,2
DSD06678-1221,4,24,female,0,0,0,0.001,0.002,0.988,0.004,0.005,35.67065512,139.7058986,69,35,ìy,2019/12/21,2,0,0,153.8,13.03741546,2
DSD06678-1221,5,22,female,0,0,0,0,0.997,0.003,0,0,35.67065512,139.7058986,64,35,ìy,2019/12/21,2,0,1,153.8,14.05322917,2
DSD06678-1221,6,24,male,0,0,0,0,0.055,0.928,0,0.016,35.67065512,139.7058986,56,35,ìy,2019/12/21,2,1,0,161.9,16.89958333,2
DSD06678-1221,7,21,male,0,0,0,0,0,0.999,0.001,0,35.67065512,139.7058986,54,35,ìy,2019/12/21,2,1,0,161.9,17.52419753,2
DSD06678-1221,8,19,male,0,0,0,0,0,0.996,0.004,0,35.67065512,139.7058986,54,35,ìy,2019/12/21,2,1,0,161.9,17.52419753,2
DSD06679-1221,1,36,female,0,0.001,0,0,0.001,0.995,0.001,0.002,35.6707175,139.7057864,441,35,ìy,2019/12/21,2,0,0,153.8,2.069391534,2
DSD06679-1221,2,31,male,0,0.001,0,0,0.154,0.844,0,0.001,35.6707175,139.7057864,390,35,ìy,2019/12/21,2,1,0,161.9,2.456581197,2
DSD06679-1221,3,21,female,0,0.029,0,0,0,0.965,0.005,0,35.6707175,139.7057864,301,35,ìy,2019/12/21,2,0,0,153.8,3.015620155,2
DSD06679-1221,4,29,female,0,0,0,0,0,0.995,0.004,0.001,35.6707175,139.7057864,227,35,ìy,2019/12/21,2,0,0,153.8,3.987276065,2
DSD06679-1221,5,18,female,0,0.001,0,0,0,0.996,0.003,0,35.6707175,139.7057864,211,35,ìy,2019/12/21,2,0,0,153.8,4.286974724,2
DSD06679-1221,6,23,female,0,0,0,0,0.001,0.998,0,0,35.6707175,139.7057864,198,35,ìy,2019/12/21,2,0,0,153.8,4.566144781,2
DSD06679-1221,7,25,female,0,0,0,0,0,0.996,0.004,0,35.6707175,139.7057864,116,35,ìy,2019/12/21,2,0,0,153.8,7.769195402,2
DSD06679-1221,9,18,male,0,0,0,0,0,0.989,0.01,0,35.6707175,139.7057864,103,35,ìy,2019/12/21,2,1,0,161.9,9.204093851,2
DSD06680-1221,1,23,male,0,0,0,0,0,0.977,0.018,0.004,35.67076445,139.7057533,552,35,ìy,2019/12/21,2,1,0,161.9,1.745899758,2
DSD06680-1221,2,23,male,0,0,0,0,0.005,0.987,0.001,0.007,35.67076445,139.7057533,473,35,ìy,2019/12/21,2,1,0,161.9,2.031652572,2
DSD06680-1221,3,23,female,0.001,0.042,0,0,0.009,0.936,0.009,0.002,35.67076445,139.7057533,424,35,ìy,2019/12/21,2,0,0,153.8,2.150959119,2
DSD06680-1221,4,23,male,0,0,0,0,0,0.99,0.01,0,35.67076445,139.7057533,408,35,ìy,2019/12/21,2,1,0,161.9,2.349746732,2
DSD06680-1221,5,22,male,0,0.056,0,0,0.406,0.538,0.001,0,35.67076445,139.7057533,263,35,ìy,2019/12/21,2,1,0,161.9,3.625937896,2
DSD06680-1221,6,19,female,0,0,0,0,0,0.989,0.011,0,35.67076445,139.7057533,182,35,ìy,2019/12/21,2,0,0,153.8,4.964487179,2
DSD06680-1221,7,17,male,0.001,0,0,0,0.006,0.989,0.003,0.002,35.67076445,139.7057533,143,35,ìy,2019/12/21,2,1,0,161.9,6.639312354,2
DSD06681-1221,1,20,male,0,0,0,0,0,0.998,0.002,0,35.67080278,139.7056658,457,35,ìy,2019/12/21,2,1,0,161.9,2.101557257,2
DSD06681-1221,2,34,male,0,0,0,0,0.002,0.998,0,0,35.67080278,139.7056658,195,35,ìy,2019/12/21,2,1,0,161.9,4.878162393,2
DSD06681-1221,3,40,female,0,0,0,0,0,0.989,0.001,0.009,35.67080278,139.7056658,80,35,ìy,2019/12/21,2,0,0,153.8,11.24958333,2
DSD06681-1221,4,15,female,0,0.002,0,0,0.001,0.98,0.017,0,35.67080278,139.7056658,79,35,ìy,2019/12/21,2,0,0,153.8,11.39154008,2
DSD06682-1221,1,42,female,0.001,0.001,0,0,0,0.874,0,0.124,35.67087083,139.7055536,234,35,ìy,2019/12/21,2,0,0,153.8,3.869045584,2
DSD06682-1221,2,6,female,0,0,0,0,0,0,0,1,35.67087083,139.7055536,187,35,ìy,2019/12/21,2,0,0,153.8,4.832682709,2
DSD06682-1221,3,24,female,0.001,0,0,0.001,0.059,0.612,0.001,0.326,35.67087083,139.7055536,94,35,ìy,2019/12/21,2,0,0,153.8,9.579326241,2
DSD06682-1221,4,17,female,0,0,0,0,0,1,0,0,35.67087083,139.7055536,92,35,ìy,2019/12/21,2,0,0,153.8,9.786811594,2
DSD06682-1221,5,16,female,0,0,0,0.002,0,0.953,0.002,0.043,35.67087083,139.7055536,81,35,ìy,2019/12/21,2,0,0,153.8,11.11113169,2
DSD06682-1221,6,24,female,0,0,0,0,1,0,0,0,35.67087083,139.7055536,65,35,ìy,2019/12/21,2,0,1,153.8,13.8375641,2
DSD06683-1221,1,22,female,0,0,0,0,0,0.715,0.285,0,35.67090474,139.7054161,497,35,ìy,2019/12/21,2,0,0,153.8,1.840164319,2
DSD06683-1221,2,37,male,0,0.002,0,0,0.002,0.992,0.003,0,35.67090474,139.7054161,449,35,ìy,2019/12/21,2,1,0,161.9,2.138377877,2
DSD06683-1221,3,10,female,0,0.001,0,0,0,0.997,0.002,0,35.67090474,139.7054161,373,35,ìy,2019/12/21,2,0,0,153.8,2.440272565,2
DSD06683-1221,4,15,male,0,0,0,0,0,0.914,0.086,0,35.67090474,139.7054161,339,35,ìy,2019/12/21,2,1,0,161.9,2.820889872,2
DSD06683-1221,7,43,female,0,0,0,0.001,0.001,0.621,0.004,0.373,35.67090474,139.7054161,72,35,ìy,2019/12/21,2,0,0,153.8,12.49564815,2
DSD06684-1221,1,28,female,0,0,0,0,0,0.998,0.002,0,35.67095167,139.7053352,491,35,ìy,2019/12/21,2,0,0,153.8,1.862223354,2
DSD06684-1221,2,18,male,0,0,0,0,1,0,0,0,35.67095167,139.7053352,271,35,ìy,2019/12/21,2,1,1,161.9,3.519932349,2
DSD06684-1221,3,16,male,0,0,0,0,0,0.993,0.007,0,35.67095167,139.7053352,210,35,ìy,2019/12/21,2,1,0,161.9,4.532222222,2
DSD06684-1221,4,25,male,0,0.002,0,0,0.025,0.962,0.005,0.005,35.67095167,139.7053352,130,35,ìy,2019/12/21,2,1,0,161.9,7.29974359,2
DSD06684-1221,5,37,male,0,0,0,0,0,0.999,0,0,35.67095167,139.7053352,82,35,ìy,2019/12/21,2,1,0,161.9,11.55227642,2
DSD06684-1221,6,22,male,0,0,0,0,0.001,0.999,0,0,35.67095167,139.7053352,58,35,ìy,2019/12/21,2,1,0,161.9,16.31804598,2
DSD06685-1221,1,23,female,0,0,0,0,1,0,0,0,35.67099884,139.7052209,307,35,ìy,2019/12/21,2,0,1,153.8,2.957366992,2
DSD06685-1221,2,21,male,0.001,0,0,0,0.238,0.683,0.077,0,35.67099884,139.7052209,273,35,ìy,2019/12/21,2,1,0,161.9,3.494401709,2
DSD06685-1221,3,22,male,0,0,0,0,0.874,0.122,0.004,0.001,35.67099884,139.7052209,126,35,ìy,2019/12/21,2,1,1,161.9,7.53037037,2
DSD06685-1221,4,30,male,0,0,0,0,0,0.996,0.003,0,35.67099884,139.7052209,68,35,ìy,2019/12/21,2,1,0,161.9,13.92348039,2
DSD06686-1221,1,20,male,0,0,0,0,0,0.994,0.002,0.003,35.67112556,139.7050431,384,35,ìy,2019/12/21,2,1,0,161.9,2.494418403,2
DSD06686-1221,2,18,male,0.002,0.001,0,0,0,0.995,0.001,0.001,35.67112556,139.7050431,157,35,ìy,2019/12/21,2,1,0,161.9,6.050392781,2
DSD06686-1221,3,20,male,0,0,0,0,0,0.998,0.001,0.001,35.67112556,139.7050431,135,35,ìy,2019/12/21,2,1,0,161.9,7.030679012,2
DSD06686-1221,4,18,female,0,0,0,0,0,0.995,0.004,0,35.67112556,139.7050431,122,35,ìy,2019/12/21,2,0,0,153.8,7.388825137,2
DSD06686-1221,5,50,male,0,0.001,0,0,0,0.998,0.001,0,35.67112556,139.7050431,109,35,ìy,2019/12/21,2,1,0,161.9,8.699373089,2
DSD06686-1221,6,41,male,0.008,0.131,0,0,0,0.859,0.002,0,35.67112556,139.7050431,71,35,ìy,2019/12/21,2,1,0,161.9,13.33664319,2
DSD06686-1221,7,35,male,0,0.001,0,0,0,0.999,0.001,0,35.67112556,139.7050431,64,35,ìy,2019/12/21,2,1,0,161.9,14.79151042,2
DSD06686-1221,8,22,female,0,0,0,0,0.321,0.678,0,0,35.67112556,139.7050431,60,35,ìy,2019/12/21,2,0,0,153.8,14.98777778,2
DSD06687-1221,1,19,female,0.001,0,0,0.002,0.001,0.8,0.043,0.153,35.6711605,139.7049291,974,35,ìy,2019/12/21,2,0,0,153.8,0.956115674,2
DSD06687-1221,2,19,female,0,0,0,0,1,0,0,0,35.6711605,139.7049291,319,35,ìy,2019/12/21,2,0,1,153.8,2.847434692,2
DSD06687-1221,3,19,male,0,0.001,0,0,0,0.974,0.025,0,35.6711605,139.7049291,285,35,ìy,2019/12/21,2,1,0,161.9,3.34874269,2
DSD06687-1221,4,16,female,0,0,0,0,0,0.998,0.001,0,35.6711605,139.7049291,245,35,ìy,2019/12/21,2,0,0,153.8,3.696904762,2
DSD06687-1221,5,18,female,0,0,0,0,0,0.987,0.013,0,35.6711605,139.7049291,77,35,ìy,2019/12/21,2,0,0,153.8,11.68651515,2
DSD06688-1221,1,24,male,0,0.001,0,0,0,0.922,0,0.077,35.67124528,139.7046914,299,35,ìy,2019/12/21,2,1,0,161.9,3.193584169,2
DSD06688-1221,2,47,male,0,0,0,0,0,0.979,0.021,0,35.67124528,139.7046914,214,35,ìy,2019/12/21,2,1,0,161.9,4.448161994,2
DSD06688-1221,3,18,female,0,0,0,0,0,0.997,0.003,0,35.67124528,139.7046914,103,35,ìy,2019/12/21,2,0,0,153.8,8.745355987,2
DSD06688-1221,4,34,male,0,0.001,0,0,0.889,0.11,0,0,35.67124528,139.7046914,81,35,ìy,2019/12/21,2,1,1,161.9,11.69446502,2
DSD06688-1221,5,25,male,0,0,0,0,0,0.997,0.003,0,35.67124528,139.7046914,80,35,ìy,2019/12/21,2,1,0,161.9,11.84020833,2
DSD06688-1221,6,21,male,0,0,0,0,0,0.999,0,0.001,35.67124528,139.7046914,69,35,ìy,2019/12/21,2,1,0,161.9,13.72219807,2
DSD06689-1221,1,23,male,0,0,0,0,0,1,0,0,35.67129611,139.7046069,820,35,ìy,2019/12/21,2,1,0,161.9,1.186727642,2
DSD06689-1221,2,23,male,0,0,0,0,0,0.991,0.009,0,35.67129611,139.7046069,497,35,ìy,2019/12/21,2,1,0,161.9,1.935234742,2
DSD06689-1221,3,26,male,0,0.001,0,0,0.642,0.335,0,0.022,35.67129611,139.7046069,485,35,ìy,2019/12/21,2,1,1,161.9,1.982250859,2
DSD06689-1221,4,24,male,0,0,0,0,0.445,0.554,0,0,35.67129611,139.7046069,216,35,ìy,2019/12/21,2,1,0,161.9,4.407299383,2
DSD06689-1221,5,24,female,0,0,0,0,0,0.999,0.001,0,35.67129611,139.7046069,179,35,ìy,2019/12/21,2,0,0,153.8,5.047104283,2
DSD06690-1221,1,23,male,0,0,0,0.001,0,0.904,0.002,0.092,35.67130556,139.7045053,539,35,ìy,2019/12/21,2,1,0,161.9,1.787164502,2
DSD06690-1221,2,27,male,0,0.001,0,0,0.87,0.128,0,0,35.67130556,139.7045053,515,35,ìy,2019/12/21,2,1,1,161.9,1.86881877,2
DSD06690-1221,3,18,male,0,0,0,0,1,0,0,0,35.67130556,139.7045053,439,35,ìy,2019/12/21,2,1,1,161.9,2.186290812,2
DSD06690-1221,4,22,female,0,0.001,0,0,0.293,0.693,0.01,0.003,35.67130556,139.7045053,331,35,ìy,2019/12/21,2,0,0,153.8,2.745473313,2
DSD06690-1221,5,32,female,0,0,0,0,0.998,0,0.001,0,35.67130556,139.7045053,239,35,ìy,2019/12/21,2,0,1,153.8,3.788835425,2
DSD06690-1221,7,23,female,0,0,0,0,0.068,0.931,0,0,35.67130556,139.7045053,41,35,ìy,2019/12/21,2,0,0,153.8,21.91711382,2
DSD06691-1221,1,19,female,0,0,0,0,1,0,0,0,35.67132917,139.7043403,411,35,ìy,2019/12/21,2,0,1,153.8,2.217887267,2
DSD06691-1221,2,24,female,0,0,0,0,0,0.981,0.019,0,35.67132917,139.7043403,118,35,ìy,2019/12/21,2,0,0,153.8,7.638107345,2
DSD06691-1221,3,22,female,0.003,0,0,0.002,0,0,0,0.995,35.67132917,139.7043403,100,35,ìy,2019/12/21,2,0,0,153.8,9.006666667,2
DSD06692-1221,1,18,female,0,0,0,0,0,0.998,0.002,0,35.6713675,139.7041778,587,35,ìy,2019/12/21,2,0,0,153.8,1.563392959,2
DSD06692-1221,2,26,female,0,0,0,0,0,0.999,0.001,0,35.6713675,139.7041778,444,35,ìy,2019/12/21,2,0,0,153.8,2.055645646,2
DSD06692-1221,3,25,male,0.001,0,0,0.001,0,0.981,0.012,0.005,35.6713675,139.7041778,272,35,ìy,2019/12/21,2,1,0,161.9,3.507120098,2
DSD06692-1221,4,43,male,0,0.002,0.001,0.001,0.006,0.714,0.006,0.27,35.6713675,139.7041778,172,35,ìy,2019/12/21,2,1,0,161.9,5.525794574,2
DSD06693-1221,1,16,female,0,0,0,0,0,0.995,0.002,0.002,35.67135914,139.7041473,509,35,ìy,2019/12/21,2,0,0,153.8,1.797606418,2
DSD06693-1221,2,14,male,0,0,0,0,0,0.959,0.041,0,35.67135914,139.7041473,369,35,ìy,2019/12/21,2,1,0,161.9,2.594394761,2
DSD06693-1221,3,31,male,0,0,0,0,0,0.997,0.001,0.002,35.67135914,139.7041473,265,35,ìy,2019/12/21,2,1,0,161.9,3.598836478,2
DSD06693-1221,4,25,male,0,0.001,0,0,0.174,0.821,0.003,0.001,35.67135914,139.7041473,201,35,ìy,2019/12/21,2,1,0,161.9,4.733590381,2
DSD06694-1221,1,24,male,0,0,0,0,0,0.999,0,0,35.67140806,139.7040194,405,35,ìy,2019/12/21,2,1,0,161.9,2.366893004,2
DSD06694-1221,2,20,female,0.001,0.001,0,0.004,0.097,0.802,0.019,0.076,35.67140806,139.7040194,345,35,ìy,2019/12/21,2,0,0,153.8,2.635483092,2
DSD06694-1221,3,17,male,0,0,0,0,0.875,0.124,0,0,35.67140806,139.7040194,344,35,ìy,2019/12/21,2,1,1,161.9,2.780397287,2
DSD06694-1221,4,18,female,0.001,0.001,0,0,0.141,0.847,0.001,0.008,35.67140806,139.7040194,262,35,ìy,2019/12/21,2,0,0,153.8,3.459300254,2
DSD06694-1221,5,19,female,0.01,0.008,0.039,0,0.09,0.85,0.002,0.001,35.67140806,139.7040194,240,35,ìy,2019/12/21,2,0,0,153.8,3.773194444,2
DSD06695-1221,1,19,male,0.003,0,0,0,0,0.99,0.002,0.004,35.67144083,139.7039697,410,35,ìy,2019/12/21,2,1,0,161.9,2.338455285,2
DSD06695-1221,2,34,female,0,0,0,0,0,0.999,0.001,0,35.67144083,139.7039697,208,35,ìy,2019/12/21,2,0,0,153.8,4.348301282,2
DSD06695-1221,3,21,male,0.001,0,0,0,0.002,0.979,0.017,0.001,35.67144083,139.7039697,199,35,ìy,2019/12/21,2,1,0,161.9,4.780812395,2
DSD06695-1221,4,20,female,0,0.001,0,0,0.025,0.973,0.001,0,35.67144083,139.7039697,198,35,ìy,2019/12/21,2,0,0,153.8,4.566144781,2
DSD06695-1221,5,19,female,0,0,0,0,0.006,0.981,0.011,0.001,35.67144083,139.7039697,169,35,ìy,2019/12/21,2,0,0,153.8,5.343678501,2
DSD06695-1221,6,21,female,0,0.001,0,0,0,0.877,0.121,0,35.67144083,139.7039697,162,35,ìy,2019/12/21,2,0,0,153.8,5.573065844,2
DSD06695-1221,7,21,male,0,0,0,0,0.998,0,0.002,0,35.67144083,139.7039697,132,35,ìy,2019/12/21,2,1,1,161.9,7.189671717,2
DSD06695-1221,8,19,female,0,0,0,0,0.987,0.012,0,0,35.67144083,139.7039697,100,35,ìy,2019/12/21,2,0,1,153.8,9.006666667,2
DSD06695-1221,9,27,female,0,0,0,0,0.001,0.967,0.03,0.001,35.67144083,139.7039697,94,35,ìy,2019/12/21,2,0,0,153.8,9.579326241,2
DSD06696-1221,1,22,female,0,0,0,0,0,0.994,0.006,0,35.67145392,139.7037453,983,35,ìy,2019/12/21,2,0,0,153.8,0.947682265,2
DSD06696-1221,2,17,female,0,0,0,0,1,0,0,0,35.67145392,139.7037453,234,35,ìy,2019/12/21,2,0,1,153.8,3.869045584,2
DSD06696-1221,3,19,male,0,0,0,0,0,0.995,0.004,0,35.67145392,139.7037453,102,35,ìy,2019/12/21,2,1,0,161.9,9.293986928,2
DSD06696-1221,4,35,male,0.05,0,0,0,0,0.899,0.051,0,35.67145392,139.7037453,96,35,ìy,2019/12/21,2,1,0,161.9,9.872673611,2
DSD06696-1221,5,22,male,0,0,0,0,0,0.998,0.001,0,35.67145392,139.7037453,58,35,ìy,2019/12/21,2,1,0,161.9,16.31804598,2
DSD06697-1221,1,31,male,0,0.004,0,0,0,0.977,0.019,0,35.67148056,139.70368,368,35,ìy,2019/12/21,2,1,0,161.9,2.601349638,2
DSD06697-1221,2,28,female,0,0,0,0,0.49,0.508,0,0.001,35.67148056,139.70368,357,35,ìy,2019/12/21,2,0,0,153.8,2.548071895,2
DSD06697-1221,3,26,female,0.002,0.003,0.001,0,0.08,0.909,0.005,0.001,35.67148056,139.70368,254,35,ìy,2019/12/21,2,0,0,153.8,3.567152231,2
DSD06697-1221,4,18,female,0,0,0,0,0,0.997,0.001,0.002,35.67148056,139.70368,206,35,ìy,2019/12/21,2,0,0,153.8,4.390177994,2
DSD06697-1221,5,31,male,0,0,0,0,1,0,0,0,35.67148056,139.70368,165,35,ìy,2019/12/21,2,1,1,161.9,5.758737374,2
DSD06697-1221,6,18,female,0,0,0,0,0.859,0.093,0.002,0.045,35.67148056,139.70368,122,35,ìy,2019/12/21,2,0,1,153.8,7.388825137,2
DSD06697-1221,7,25,male,0,0,0,0,0.013,0.958,0.029,0,35.67148056,139.70368,89,35,ìy,2019/12/21,2,1,0,161.9,10.64642322,2
DSD06698-1221,1,17,female,0,0,0,0,0,0.998,0.002,0,35.67149833,139.7035311,710,35,ìy,2019/12/21,2,0,0,153.8,1.298615023,2
DSD06698-1221,2,22,female,0,0,0,0.001,0.009,0.874,0.004,0.112,35.67149833,139.7035311,695,35,ìy,2019/12/21,2,0,0,153.8,1.32588729,2
DSD06698-1221,3,19,female,0,0.001,0,0,0.373,0.627,0,0,35.67149833,139.7035311,350,35,ìy,2019/12/21,2,0,0,153.8,2.598333333,2
DSD06698-1221,4,22,female,0.004,0.001,0,0.004,0.005,0.943,0.008,0.036,35.67149833,139.7035311,321,35,ìy,2019/12/21,2,0,0,153.8,2.829911734,2
DSD06698-1221,5,44,male,0,0.004,0,0,0.995,0,0,0,35.67149833,139.7035311,257,35,ìy,2019/12/21,2,1,1,161.9,3.709773022,2
DSD06698-1221,6,17,male,0,0,0,0,0,0.881,0.119,0,35.67149833,139.7035311,222,35,ìy,2019/12/21,2,1,0,161.9,4.289129129,2
DSD06698-1221,7,34,male,0,0,0,0,0,0.994,0.006,0,35.67149833,139.7035311,158,35,ìy,2019/12/21,2,1,0,161.9,6.012320675,2
DSD06698-1221,8,24,male,0,0,0,0,0,1,0,0,35.67149833,139.7035311,62,35,ìy,2019/12/21,2,1,0,161.9,15.26752688,2
DSD06698-1221,10,43,male,0.001,0,0,0,0.045,0.951,0.001,0.002,35.67149833,139.7035311,55,35,ìy,2019/12/21,2,1,0,161.9,17.20621212,2
DSD06698-1221,11,24,male,0,0,0,0,0,1,0,0,35.67149833,139.7035311,43,35,ìy,2019/12/21,2,1,0,161.9,21.99817829,2
DSD06699-1221,1,24,male,0,0,0,0,0,0.994,0.001,0.004,35.67150889,139.7033781,470,35,ìy,2019/12/21,2,1,0,161.9,2.044397163,2
DSD06699-1221,2,20,male,0,0,0,0,0,1,0,0,35.67150889,139.7033781,214,35,ìy,2019/12/21,2,1,0,161.9,4.448161994,2
DSD06699-1221,3,20,female,0,0,0,0,0,0.999,0.001,0,35.67150889,139.7033781,170,35,ìy,2019/12/21,2,0,0,153.8,5.31245098,2
DSD06699-1221,4,22,female,0,0.002,0,0,0,0.83,0.167,0,35.67150889,139.7033781,150,35,ìy,2019/12/21,2,0,0,153.8,6.016111111,2
DSD06699-1221,5,20,female,0,0,0,0,0.991,0,0.009,0,35.67150889,139.7033781,126,35,ìy,2019/12/21,2,0,1,153.8,7.15537037,2
DSD06699-1221,6,23,female,0,0,0,0,0.469,0.52,0.011,0.001,35.67150889,139.7033781,119,35,ìy,2019/12/21,2,0,0,153.8,7.574215686,2
DSD06699-1221,7,25,female,0,0,0,0,0.981,0.019,0,0,35.67150889,139.7033781,94,35,ìy,2019/12/21,2,0,1,153.8,9.579326241,2
DSD06699-1221,8,36,male,0,0,0,0,0,1,0,0,35.67150889,139.7033781,47,35,ìy,2019/12/21,2,1,0,161.9,20.12897163,2
DSD06699-1221,9,15,female,0,0,0,0,0.68,0.32,0,0,35.67150889,139.7033781,46,35,ìy,2019/12/21,2,0,1,153.8,19.53862319,2
DSD06700-1221,1,17,female,0,0,0,0,0.002,0.989,0.008,0,35.67159046,139.7031457,479,35,ìy,2019/12/21,2,0,0,153.8,1.907999304,2
DSD06700-1221,2,15,female,0,0,0,0,0,0.987,0.011,0.002,35.67159046,139.7031457,259,35,ìy,2019/12/21,2,0,0,153.8,3.498963964,2
DSD07815-200111,1,43,male,0,0,0,0,0,0.993,0.006,0,35.67157511,139.7030964,425,35,ìy,2020/1/11,2,1,0,161.9,2.257156863,2
DSD07815-200111,2,35,male,0.003,0.001,0,0.001,0,0.94,0.051,0.004,35.67157511,139.7030964,313,35,ìy,2020/1/11,2,1,0,161.9,3.052305644,2
DSD07815-200111,5,22,male,0,0,0,0,0.001,0.993,0.005,0,35.67157511,139.7030964,128,35,ìy,2020/1/11,2,1,0,161.9,7.413255208,2
DSD07815-200111,10,20,female,0,0,0,0,1,0,0,0,35.67157511,139.7030964,104,35,ìy,2020/1/11,2,0,1,153.8,8.661602564,2
DSD07816-200111,1,51,male,0,0,0,0,0,0.994,0.006,0,35.67159219,139.7031734,588,35,ìy,2020/1/11,2,1,0,161.9,1.641150794,2
DSD07816-200111,2,22,male,0,0,0,0,0,0.998,0.002,0,35.67159219,139.7031734,276,35,ìy,2020/1/11,2,1,0,161.9,3.456799517,2
DSD07816-200111,3,18,male,0,0,0,0,0.002,0.998,0,0,35.67159219,139.7031734,219,35,ìy,2020/1/11,2,1,0,161.9,4.347404871,2
DSD07816-200111,4,31,male,0.001,0.001,0,0,0,0.983,0.016,0,35.67159219,139.7031734,92,35,ìy,2020/1/11,2,1,0,161.9,10.30039855,2
DSD07816-200111,6,37,male,0,0,0,0,0,1,0,0,35.67159219,139.7031734,60,35,ìy,2020/1/11,2,1,0,161.9,15.77527778,2
DSD07816-200111,7,9,female,0,0,0,0.001,0,0.044,0,0.955,35.67159219,139.7031734,57,35,ìy,2020/1/11,2,0,0,153.8,15.77476608,2
DSD07816-200111,8,68,male,0,0,0,0,0.003,0.997,0,0,35.67159219,139.7031734,47,35,ìy,2020/1/11,2,1,0,161.9,20.12897163,2
DSD07816-200111,9,20,female,0,0,0,0,0,1,0,0,35.67159219,139.7031734,39,35,ìy,2020/1/11,2,0,0,153.8,23.0392735,2
DSD07817-200111,1,25,female,0,0,0,0,0.001,0.994,0.005,0,35.67154083,139.7033508,621,35,ìy,2020/1/11,2,0,0,153.8,1.479712829,2
DSD07817-200111,2,19,female,0.003,0.002,0.001,0.015,0,0.779,0.002,0.198,35.67154083,139.7033508,581,35,ìy,2020/1/11,2,0,0,153.8,1.579176707,2
DSD07817-200111,3,24,male,0,0,0,0,0,0.999,0,0,35.67154083,139.7033508,254,35,ìy,2020/1/11,2,1,0,161.9,3.753175853,2
DSD07817-200111,5,17,male,0,0,0,0,0,0.991,0.008,0.001,35.67154083,139.7033508,114,35,ìy,2020/1/11,2,1,0,161.9,8.319356725,2
DSD07817-200111,6,41,male,0,0,0,0,0,1,0,0,35.67154083,139.7033508,93,35,ìy,2020/1/11,2,1,0,161.9,10.19001792,2
DSD07817-200111,7,18,male,0,0,0,0,0,0.999,0.001,0,35.67154083,139.7033508,45,35,ìy,2020/1/11,2,1,0,161.9,21.02203704,2
DSD07817-200111,8,24,female,0,0,0,0,0,1,0,0,35.67154083,139.7033508,40,35,ìy,2020/1/11,2,0,0,153.8,22.46416667,2
DSD07817-200111,9,27,female,0,0,0,0,0,0.9,0,0.099,35.67154083,139.7033508,38,35,ìy,2020/1/11,2,0,0,153.8,23.64464912,2
DSD07818-200111,1,23,male,0,0,0,0,0,0.979,0.021,0,35.67145389,139.7035328,500,35,ìy,2020/1/11,2,1,0,161.9,1.923833333,2
DSD07818-200111,2,30,male,0.001,0.001,0,0,0.026,0.966,0.005,0,35.67145389,139.7035328,358,35,ìy,2020/1/11,2,1,0,161.9,2.673035382,2
DSD07818-200111,3,18,female,0,0,0,0,0,0.999,0,0,35.67145389,139.7035328,174,35,ìy,2020/1/11,2,0,0,153.8,5.191130268,2
DSD07818-200111,5,30,male,0,0,0,0,0.001,0.998,0,0,35.67145389,139.7035328,62,35,ìy,2020/1/11,2,1,0,161.9,15.26752688,2
DSD07819-200111,1,46,male,0,0.004,0,0,0.988,0.008,0,0,35.67144445,139.7036344,452,35,ìy,2020/1/11,2,1,1,161.9,2.124417404,2
DSD07819-200111,2,30,male,0.001,0,0,0.01,0.002,0.481,0.007,0.499,35.67144445,139.7036344,200,35,ìy,2020/1/11,2,1,0,161.9,4.757083333,2
DSD07819-200111,3,29,male,0,0.032,0,0,0,0.956,0.01,0.002,35.67144445,139.7036344,194,35,ìy,2020/1/11,2,1,0,161.9,4.903127148,2
DSD07819-200111,4,18,male,0,0.002,0,0,0.009,0.985,0,0.004,35.67144445,139.7036344,161,35,ìy,2020/1/11,2,1,0,161.9,5.900942029,2
DSD07819-200111,5,21,female,0,0,0,0,0,0.975,0.025,0,35.67144445,139.7036344,152,35,ìy,2020/1/11,2,0,0,153.8,5.937412281,2
DSD07819-200111,6,28,female,0,0.001,0,0,0.019,0.965,0.001,0.014,35.67144445,139.7036344,106,35,ìy,2020/1/11,2,0,0,153.8,8.498836478,2
DSD07819-200111,7,22,female,0.001,0.015,0.002,0,0.866,0.114,0.001,0,35.67144445,139.7036344,99,35,ìy,2020/1/11,2,0,1,153.8,9.097289562,2
DSD07819-200111,8,18,female,0,0.001,0,0,0.008,0.99,0,0.001,35.67144445,139.7036344,98,35,ìy,2020/1/11,2,0,0,153.8,9.189761905,2
DSD07819-200111,10,38,male,0,0,0,0,0,0.997,0.003,0,35.67144445,139.7036344,63,35,ìy,2020/1/11,2,1,0,161.9,15.02574074,2
DSD07819-200111,11,9,female,0,0,0,0,0.001,0.999,0,0,35.67144445,139.7036344,39,35,ìy,2020/1/11,2,0,0,153.8,23.0392735,2
DSD07820-200111,1,19,female,0,0,0,0,0,0.997,0.003,0,35.67147278,139.7037686,578,35,ìy,2020/1/11,2,0,0,153.8,1.587191465,2
DSD07820-200111,2,16,female,0,0,0,0,0,0.952,0.048,0,35.67147278,139.7037686,220,35,ìy,2020/1/11,2,0,0,153.8,4.113030303,2
DSD07820-200111,3,16,female,0,0.003,0,0,0.001,0.988,0.009,0,35.67147278,139.7037686,218,35,ìy,2020/1/11,2,0,0,153.8,4.150443425,2
DSD07820-200111,4,21,male,0,0,0,0,0,0.999,0.001,0,35.67147278,139.7037686,175,35,ìy,2020/1/11,2,1,0,161.9,5.431666667,2
DSD07820-200111,5,20,male,0,0.007,0,0.001,0,0.963,0.027,0.001,35.67147278,139.7037686,145,35,ìy,2020/1/11,2,1,0,161.9,6.548218391,2
DSD07820-200111,6,20,male,0,0,0,0,0,0.99,0,0.009,35.67147278,139.7037686,137,35,ìy,2020/1/11,2,1,0,161.9,6.928552311,2
DSD07820-200111,7,18,female,0,0,0,0,0,0.997,0.003,0,35.67147278,139.7037686,104,35,ìy,2020/1/11,2,0,0,153.8,8.661602564,2
DSD07820-200111,8,22,female,0.001,0,0,0,0,0.992,0.006,0.001,35.67147278,139.7037686,88,35,ìy,2020/1/11,2,0,0,153.8,10.23007576,2
DSD07820-200111,9,67,male,0.017,0,0.001,0,0.002,0.955,0.024,0.001,35.67147278,139.7037686,81,35,ìy,2020/1/11,2,1,0,161.9,11.69446502,2
DSD07821-200111,1,13,female,0.001,0,0.002,0.003,0.077,0.563,0.137,0.217,35.67142861,139.7038819,340,35,ìy,2020/1/11,2,0,0,153.8,2.67372549,2
DSD07821-200111,2,16,female,0.001,0.002,0.001,0,0.02,0.971,0.004,0,35.67142861,139.7038819,305,35,ìy,2020/1/11,2,0,0,153.8,2.976530055,2
DSD07821-200111,3,25,female,0.001,0,0.001,0,0,0.961,0.01,0.024,35.67142861,139.7038819,225,35,ìy,2020/1/11,2,0,0,153.8,4.022407407,2
DSD07821-200111,4,6,female,0,0,0,0,0,0.999,0.001,0,35.67142861,139.7038819,219,35,ìy,2020/1/11,2,0,0,153.8,4.131651446,2
DSD07821-200111,5,31,male,0,0,0,0,0,0.998,0.002,0,35.67142861,139.7038819,177,35,ìy,2020/1/11,2,1,0,161.9,5.370687382,2
DSD07821-200111,6,33,male,0,0.025,0,0,0,0.801,0.173,0,35.67142861,139.7038819,169,35,ìy,2020/1/11,2,1,0,161.9,5.6232643,2
DSD07821-200111,7,22,female,0,0,0,0,0,1,0,0,35.67142861,139.7038819,162,35,ìy,2020/1/11,2,0,0,153.8,5.573065844,2
DSD07821-200111,8,32,female,0.001,0.001,0.006,0.175,0.001,0.374,0.072,0.371,35.67142861,139.7038819,133,35,ìy,2020/1/11,2,0,0,153.8,6.780614035,2
DSD07821-200111,10,30,male,0,0,0,0,0.001,0.998,0.001,0,35.67142861,139.7038819,82,35,ìy,2020/1/11,2,1,0,161.9,11.55227642,2
DSD07822-200111,1,29,male,0,0,0,0,1,0,0,0,35.6714025,139.7039722,409,35,ìy,2020/1/11,2,1,1,161.9,2.344087205,2
DSD07822-200111,2,44,female,0,0.003,0,0,0,0.638,0.358,0,35.6714025,139.7039722,302,35,ìy,2020/1/11,2,0,0,153.8,3.005750552,2
DSD07822-200111,3,38,female,0,0,0,0,0.001,0.958,0.04,0,35.6714025,139.7039722,250,35,ìy,2020/1/11,2,0,0,153.8,3.623666667,2
DSD07822-200111,4,6,female,0,0,0,0,0,0.081,0,0.918,35.6714025,139.7039722,121,35,ìy,2020/1/11,2,0,0,153.8,7.449600551,2
DSD07822-200111,5,36,female,0,0,0,0,0.98,0.01,0.01,0,35.6714025,139.7039722,97,35,ìy,2020/1/11,2,0,1,153.8,9.284140893,2
DSD07823-200111,1,21,male,0,0.001,0,0,0,0.904,0.095,0,35.67135167,139.7041853,171,35,ìy,2020/1/11,2,1,0,161.9,5.557904483,2
DSD07823-200111,2,23,female,0.003,0.002,0.002,0,0.49,0.493,0.008,0.001,35.67135167,139.7041853,142,35,ìy,2020/1/11,2,0,0,153.8,6.353075117,2
DSD07823-200111,3,29,male,0,0.001,0,0,0,0.981,0.018,0,35.67135167,139.7041853,130,35,ìy,2020/1/11,2,1,0,161.9,7.29974359,2
DSD07823-200111,4,23,male,0,0,0,0,0.986,0.014,0,0,35.67135167,139.7041853,122,35,ìy,2020/1/11,2,1,1,161.9,7.776120219,2
DSD07823-200111,5,4,female,0,0.001,0,0,0,0.983,0.016,0,35.67135167,139.7041853,110,35,ìy,2020/1/11,2,0,0,153.8,8.191060606,2
DSD07823-200111,6,18,female,0.001,0.003,0,0,0,0.979,0.018,0,35.67135167,139.7041853,81,35,ìy,2020/1/11,2,0,0,153.8,11.11113169,2
DSD07823-200111,7,26,male,0,0,0,0,0,0.997,0.003,0,35.67135167,139.7041853,62,35,ìy,2020/1/11,2,1,0,161.9,15.26752688,2
DSD07824-200111,1,24,male,0,0.001,0,0,0,0.996,0.003,0,35.67135917,139.7043064,509,35,ìy,2020/1/11,2,1,0,161.9,1.890435494,2
DSD07824-200111,2,20,male,0,0,0,0,0,0.999,0,0,35.67135917,139.7043064,366,35,ìy,2020/1/11,2,1,0,161.9,2.615373406,2
DSD07824-200111,3,24,female,0.001,0.001,0.001,0,0,0.988,0.005,0.004,35.67135917,139.7043064,224,35,ìy,2020/1/11,2,0,0,153.8,4.040208333,2
DSD07824-200111,4,20,female,0.001,0,0,0,0.022,0.919,0.056,0.001,35.67135917,139.7043064,169,35,ìy,2020/1/11,2,0,0,153.8,5.343678501,2
DSD07824-200111,6,17,female,0,0,0,0,0.002,0.997,0,0,35.67135917,139.7043064,59,35,ìy,2020/1/11,2,0,0,153.8,15.24121469,2
DSD07824-200111,7,23,male,0,0.001,0,0,0.001,0.996,0.002,0,35.67135917,139.7043064,59,35,ìy,2020/1/11,2,1,0,161.9,16.04206215,2
DSD07824-200111,8,22,male,0,0,0,0,0,0.998,0.001,0,35.67135917,139.7043064,51,35,ìy,2020/1/11,2,1,0,161.9,18.55297386,2
DSD07825-200111,1,20,male,0,0,0,0,0,0.997,0.002,0,35.67127639,139.7043639,525,35,ìy,2020/1/11,2,1,0,161.9,1.833888889,2
DSD07825-200111,2,24,male,0.015,0.006,0,0,0.011,0.95,0.018,0,35.67127639,139.7043639,306,35,ìy,2020/1/11,2,1,0,161.9,3.121328976,2
DSD07825-200111,3,18,female,0.001,0.008,0.012,0,0.692,0.281,0.006,0,35.67127639,139.7043639,295,35,ìy,2020/1/11,2,0,1,153.8,3.076242938,2
DSD07825-200111,4,18,female,0,0,0,0,0,0.81,0.189,0,35.67127639,139.7043639,156,35,ìy,2020/1/11,2,0,0,153.8,5.786068376,2
DSD07825-200111,5,22,female,0,0,0,0,1,0,0,0,35.67127639,139.7043639,97,35,ìy,2020/1/11,2,0,1,153.8,9.284140893,2
DSD07825-200111,6,19,male,0,0,0,0,0,0.993,0.007,0,35.67127639,139.7043639,90,35,ìy,2020/1/11,2,1,0,161.9,10.52851852,2
DSD07825-200111,8,30,female,0,0,0,0,0,0.987,0.013,0,35.67127639,139.7043639,80,35,ìy,2020/1/11,2,0,0,153.8,11.24958333,2
DSD07825-200111,9,48,male,0,0,0,0,0,0.998,0.001,0,35.67127639,139.7043639,76,35,ìy,2020/1/11,2,1,0,161.9,12.46153509,2
DSD07825-200111,11,22,female,0,0,0,0,0,0.997,0.003,0,35.67127639,139.7043639,57,35,ìy,2020/1/11,2,0,0,153.8,15.77476608,2
DSD07825-200111,12,26,female,0,0,0,0,0,1,0,0,35.67127639,139.7043639,48,35,ìy,2020/1/11,2,0,0,153.8,18.72597222,2
DSD07826-200111,1,28,male,0,0.001,0,0,0,0.986,0.012,0,35.67125945,139.7044672,236,35,ìy,2020/1/11,2,1,0,161.9,4.036765537,2
DSD07826-200111,2,22,male,0.001,0.018,0,0,0.371,0.608,0.003,0,35.67125945,139.7044672,144,35,ìy,2020/1/11,2,1,0,161.9,6.593449074,2
DSD07826-200111,3,41,male,0,0.001,0,0,0,0.998,0,0,35.67125945,139.7044672,122,35,ìy,2020/1/11,2,1,0,161.9,7.776120219,2
DSD07826-200111,4,28,female,0.002,0,0,0.001,0.006,0.941,0.018,0.032,35.67125945,139.7044672,121,35,ìy,2020/1/11,2,0,0,153.8,7.449600551,2
DSD07826-200111,5,12,female,0.002,0,0,0,0,0.671,0,0.327,35.67125945,139.7044672,108,35,ìy,2020/1/11,2,0,0,153.8,8.342098765,2
DSD07826-200111,6,21,female,0,0.002,0,0,0.006,0.978,0.014,0,35.67125945,139.7044672,106,35,ìy,2020/1/11,2,0,0,153.8,8.498836478,2
DSD07826-200111,7,4,female,0.003,0,0,0,0,0.966,0.03,0,35.67125945,139.7044672,94,35,ìy,2020/1/11,2,0,0,153.8,9.579326241,2
DSD07826-200111,8,21,female,0,0,0,0,0,0.958,0.042,0,35.67125945,139.7044672,86,35,ìy,2020/1/11,2,0,0,153.8,10.46717054,2
DSD07827-200111,1,20,female,0,0.002,0,0,0.995,0.003,0,0,35.67124833,139.7045464,796,35,ìy,2020/1/11,2,0,1,153.8,1.162093802,2
DSD07827-200111,2,51,female,0,0.382,0,0,0.019,0.588,0.011,0,35.67124833,139.7045464,263,35,ìy,2020/1/11,2,0,0,153.8,3.446280101,2
DSD07827-200111,3,19,female,0,0,0,0,0,0.991,0,0.008,35.67124833,139.7045464,178,35,ìy,2020/1/11,2,0,0,153.8,5.075262172,2
DSD07827-200111,4,19,male,0,0,0,0,0,0.251,0,0.748,35.67124833,139.7045464,175,35,ìy,2020/1/11,2,1,0,161.9,5.431666667,2
DSD07827-200111,5,17,female,0,0,0,0,0,1,0,0,35.67124833,139.7045464,126,35,ìy,2020/1/11,2,0,0,153.8,7.15537037,2
DSD07828-200111,1,18,male,0,0,0,0,0,0.991,0.009,0,35.67126028,139.7047528,124,35,ìy,2020/1/11,2,1,0,161.9,7.651263441,2
DSD07828-200111,2,22,male,0,0,0,0,0,0.996,0,0.004,35.67126028,139.7047528,78,35,ìy,2020/1/11,2,1,0,161.9,12.14290598,2
DSD07828-200111,3,20,female,0,0,0,0,1,0,0,0,35.67126028,139.7047528,71,35,ìy,2020/1/11,2,0,1,153.8,12.67115023,2
DSD07829-200111,1,20,female,0,0,0,0,0,0.96,0.039,0,35.67121,139.7048956,350,35,ìy,2020/1/11,2,0,0,153.8,2.598333333,2
DSD07829-200111,2,33,female,0,0.012,0,0,0.473,0.51,0.005,0,35.67121,139.7048956,340,35,ìy,2020/1/11,2,0,0,153.8,2.67372549,2
DSD07829-200111,3,23,female,0,0.011,0,0,0,0.987,0.001,0,35.67121,139.7048956,221,35,ìy,2020/1/11,2,0,0,153.8,4.094577677,2
DSD07829-200111,4,25,female,0.001,0.001,0,0,0.019,0.902,0.077,0,35.67121,139.7048956,218,35,ìy,2020/1/11,2,0,0,153.8,4.150443425,2
DSD07829-200111,5,21,male,0,0.003,0,0,0.001,0.971,0.007,0.018,35.67121,139.7048956,208,35,ìy,2020/1/11,2,1,0,161.9,4.575464744,2
DSD07829-200111,6,23,female,0,0.003,0,0.001,0.138,0.837,0.003,0.018,35.67121,139.7048956,194,35,ìy,2020/1/11,2,0,0,153.8,4.659570447,2
DSD07829-200111,7,35,male,0,0.002,0,0,0,0.996,0.002,0,35.67121,139.7048956,169,35,ìy,2020/1/11,2,1,0,161.9,5.6232643,2
DSD07829-200111,8,21,female,0,0.003,0,0,0.003,0.985,0.004,0.004,35.67121,139.7048956,139,35,ìy,2020/1/11,2,0,0,153.8,6.489436451,2
DSD07829-200111,9,21,female,0,0.001,0,0,0.008,0.99,0.001,0,35.67121,139.7048956,122,35,ìy,2020/1/11,2,0,0,153.8,7.388825137,2
DSD07829-200111,10,21,male,0,0,0,0,0,0.972,0.027,0.001,35.67121,139.7048956,83,35,ìy,2020/1/11,2,1,0,161.9,11.41351406,2
DSD07829-200111,13,32,male,0.002,0.1,0,0,0,0.893,0.004,0,35.67121,139.7048956,64,35,ìy,2020/1/11,2,1,0,161.9,14.79151042,2
DSD07829-200111,15,46,male,0,0,0,0,0,0.999,0,0.001,35.67121,139.7048956,40,35,ìy,2020/1/11,2,1,0,161.9,23.64541667,2
DSD07830-200111,1,22,female,0,0,0,0,0,0.975,0.016,0.008,35.67105722,139.7050203,301,35,ìy,2020/1/11,2,0,0,153.8,3.015620155,2
DSD07830-200111,2,28,male,0,0,0,0,0,0.995,0.005,0,35.67105722,139.7050203,274,35,ìy,2020/1/11,2,1,0,161.9,3.481776156,2
DSD07830-200111,3,18,female,0.003,0,0,0,0,0.981,0.016,0,35.67105722,139.7050203,152,35,ìy,2020/1/11,2,0,0,153.8,5.937412281,2
DSD07830-200111,4,36,male,0,0.067,0,0,0.008,0.923,0.001,0,35.67105722,139.7050203,95,35,ìy,2020/1/11,2,1,0,161.9,9.97622807,2
DSD07830-200111,5,18,female,0,0.003,0,0,0.019,0.963,0.001,0.014,35.67105722,139.7050203,83,35,ìy,2020/1/11,2,0,0,153.8,10.84423695,2
DSD07831-200111,1,9,male,0,0.001,0,0,0.002,0.894,0.103,0,35.67105278,139.7051886,432,35,ìy,2020/1/11,2,1,0,161.9,2.221149691,2
DSD07831-200111,2,18,male,0,0,0,0,0,0.999,0,0,35.67105278,139.7051886,224,35,ìy,2020/1/11,2,1,0,161.9,4.251145833,2
DSD07831-200111,3,19,female,0,0,0,0,0.001,0.996,0.002,0,35.67105278,139.7051886,182,35,ìy,2020/1/11,2,0,0,153.8,4.964487179,2
DSD07832-200111,1,25,male,0.001,0.001,0.003,0.001,0.001,0.954,0.009,0.031,35.67099361,139.7052831,378,35,ìy,2020/1/11,2,1,0,161.9,2.53345679,2
DSD07832-200111,2,21,female,0,0,0,0.001,0,0.857,0.14,0.002,35.67099361,139.7052831,343,35,ìy,2020/1/11,2,0,0,153.8,2.650646259,2
DSD07832-200111,3,40,male,0,0,0,0,0.943,0.057,0,0,35.67099361,139.7052831,205,35,ìy,2020/1/11,2,1,1,161.9,4.641910569,2
DSD07832-200111,4,18,male,0,0.001,0,0,0.771,0.228,0,0,35.67099361,139.7052831,187,35,ìy,2020/1/11,2,1,1,161.9,5.085356506,2
DSD07833-200111,1,46,female,0,0.002,0,0,0.001,0.989,0.007,0,35.67095056,139.7053381,482,35,ìy,2020/1/11,2,0,0,153.8,1.896341632,2
DSD07833-200111,2,48,male,0,0.005,0,0,0,0.754,0.24,0.001,35.67095056,139.7053381,471,35,ìy,2020/1/11,2,1,0,161.9,2.040130927,2
DSD07833-200111,3,15,female,0,0.003,0,0.003,0,0.78,0.182,0.031,35.67095056,139.7053381,265,35,ìy,2020/1/11,2,0,0,153.8,3.420534591,2
DSD07833-200111,4,19,female,0.001,0.001,0,0,0.004,0.993,0.001,0,35.67095056,139.7053381,232,35,ìy,2020/1/11,2,0,0,153.8,3.902097701,2
DSD07833-200111,5,20,female,0,0.001,0,0,0.002,0.969,0.002,0.027,35.67095056,139.7053381,213,35,ìy,2020/1/11,2,0,0,153.8,4.247050078,2
DSD07833-200111,6,17,female,0,0,0,0,0,0.94,0.06,0,35.67095056,139.7053381,194,35,ìy,2020/1/11,2,0,0,153.8,4.659570447,2
DSD07833-200111,7,18,female,0,0,0,0,0,0.984,0.016,0,35.67095056,139.7053381,162,35,ìy,2020/1/11,2,0,0,153.8,5.573065844,2
DSD07833-200111,8,23,male,0.047,0.022,0,0,0,0.93,0.001,0,35.67095056,139.7053381,101,35,ìy,2020/1/11,2,1,0,161.9,9.385660066,2
DSD07833-200111,9,33,male,0,0,0,0,0.011,0.989,0,0,35.67095056,139.7053381,61,35,ìy,2020/1/11,2,1,0,161.9,15.51724044,2
DSD07833-200111,10,23,male,0,0.001,0,0,0.002,0.997,0,0,35.67095056,139.7053381,59,35,ìy,2020/1/11,2,1,0,161.9,16.04206215,2
DSD07834-200111,1,21,female,0,0,0,0,0.53,0.468,0.001,0,35.67089528,139.7054653,454,35,ìy,2020/1/11,2,0,1,153.8,2.011138032,2
DSD07834-200111,4,16,female,0,0,0,0,0,0.995,0.004,0,35.67089528,139.7054653,296,35,ìy,2020/1/11,2,0,0,153.8,3.065968468,2
DSD07834-200111,5,59,male,0.001,0,0,0,0,0.996,0.002,0,35.67089528,139.7054653,269,35,ìy,2020/1/11,2,1,0,161.9,3.545842627,2
DSD07834-200111,6,17,female,0,0.001,0,0,0.995,0.004,0,0,35.67089528,139.7054653,256,35,ìy,2020/1/11,2,0,1,153.8,3.539557292,2
DSD07834-200111,7,9,female,0,0,0,0,0.713,0.256,0.031,0,35.67089528,139.7054653,135,35,ìy,2020/1/11,2,0,1,153.8,6.680679012,2
DSD07834-200111,8,21,male,0.108,0.002,0.007,0.016,0.739,0.11,0.004,0.014,35.67089528,139.7054653,112,35,ìy,2020/1/11,2,1,1,161.9,8.467291667,2
DSD07834-200111,9,15,female,0,0,0,0,0.413,0.585,0.001,0.001,35.67089528,139.7054653,57,35,ìy,2020/1/11,2,0,0,153.8,15.77476608,2
DSD07835-200111,1,17,female,0,0,0,0,0.01,0.986,0.003,0.001,35.67086111,139.7055483,380,35,ìy,2020/1/11,2,0,0,153.8,2.395964912,2
DSD07835-200111,2,19,female,0,0,0,0,0,0.998,0.002,0,35.67086111,139.7055483,360,35,ìy,2020/1/11,2,0,0,153.8,2.52712963,2
DSD07835-200111,3,22,female,0,0,0,0,1,0,0,0,35.67086111,139.7055483,238,35,ìy,2020/1/11,2,0,1,153.8,3.804607843,2
DSD07835-200111,4,20,female,0,0,0,0,0.001,0.981,0.017,0,35.67086111,139.7055483,199,35,ìy,2020/1/11,2,0,0,153.8,4.543375209,2
DSD07835-200111,5,32,male,0,0.001,0,0.003,0,0.847,0.004,0.144,35.67086111,139.7055483,143,35,ìy,2020/1/11,2,1,0,161.9,6.639312354,2
DSD07835-200111,6,20,female,0,0,0,0,0,0.967,0.033,0,35.67086111,139.7055483,142,35,ìy,2020/1/11,2,0,0,153.8,6.353075117,2
DSD07835-200111,7,30,male,0,0,0,0,0.002,0.995,0.003,0,35.67086111,139.7055483,73,35,ìy,2020/1/11,2,1,0,161.9,12.97221461,2
DSD07835-200111,8,23,female,0,0,0,0,0,0.973,0.027,0,35.67086111,139.7055483,48,35,ìy,2020/1/11,2,0,0,153.8,18.72597222,2
DSD07835-200111,9,29,male,0,0,0,0,0.07,0.928,0.002,0,35.67086111,139.7055483,39,35,ìy,2020/1/11,2,1,0,161.9,24.25081197,2
DSD07836-200111,1,42,female,0.001,0.001,0,0.001,0,0.926,0.008,0.063,35.670755,139.7057267,365,35,ìy,2020/1/11,2,0,0,153.8,2.492990868,2
DSD07836-200111,2,7,female,0,0,0,0,0,0.562,0.438,0,35.670755,139.7057267,310,35,ìy,2020/1/11,2,0,0,153.8,2.929086022,2
DSD07836-200111,3,8,female,0,0.029,0,0,0.028,0.94,0.002,0,35.670755,139.7057267,261,35,ìy,2020/1/11,2,0,0,153.8,3.472420179,2
DSD07836-200111,4,19,male,0.003,0.046,0,0,0,0.936,0.014,0,35.670755,139.7057267,160,35,ìy,2020/1/11,2,1,0,161.9,5.937604167,2
DSD07836-200111,5,18,female,0,0,0,0,0,1,0,0,35.670755,139.7057267,140,35,ìy,2020/1/11,2,0,0,153.8,6.443333333,2
DSD07836-200111,6,20,male,0,0,0,0,0,0.997,0.002,0,35.670755,139.7057267,107,35,ìy,2020/1/11,2,1,0,161.9,8.861323988,2
DSD07836-200111,7,25,male,0,0,0,0,0.027,0.962,0.005,0.006,35.670755,139.7057267,76,35,ìy,2020/1/11,2,1,0,161.9,12.46153509,2
DSD07837-200111,1,20,female,0,0,0,0,0.99,0.01,0,0,35.67072278,139.7057861,302,35,ìy,2020/1/11,2,0,1,153.8,3.005750552,2
DSD07837-200111,2,23,female,0,0,0,0,1,0,0,0,35.67072278,139.7057861,247,35,ìy,2020/1/11,2,0,1,153.8,3.667253711,2
DSD07837-200111,3,23,female,0.004,0.004,0.019,0,0.34,0.627,0.005,0,35.67072278,139.7057861,188,35,ìy,2020/1/11,2,0,0,153.8,4.807163121,2
DSD07837-200111,4,23,male,0,0,0,0,0.001,0.973,0.025,0,35.67072278,139.7057861,159,35,ìy,2020/1/11,2,1,0,161.9,5.974727463,2
DSD07837-200111,5,24,male,0,0,0,0,0.002,0.998,0,0,35.67072278,139.7057861,49,35,ìy,2020/1/11,2,1,0,161.9,19.30880952,2
DSD07838-200111,1,22,female,0,0,0,0,1,0,0,0,35.67065472,139.7058936,359,35,ìy,2020/1/11,2,0,1,153.8,2.534071495,2
DSD07838-200111,2,24,male,0.001,0,0,0,0,0.997,0.001,0,35.67065472,139.7058936,121,35,ìy,2020/1/11,2,1,0,161.9,7.840096419,2
DSD07838-200111,3,23,male,0,0.001,0,0,0.027,0.96,0.003,0.009,35.67065472,139.7058936,61,35,ìy,2020/1/11,2,1,0,161.9,15.51724044,2
DSD07838-200111,4,7,female,0,0,0,0,0.005,0.992,0,0.002,35.67065472,139.7058936,58,35,ìy,2020/1/11,2,0,0,153.8,15.5033908,2
DSD07838-200111,5,18,female,0,0,0,0,0,1,0,0,35.67065472,139.7058936,58,35,ìy,2020/1/11,2,0,0,153.8,15.5033908,2
DSD07838-200111,6,18,female,0,0,0,0,0,0.999,0.001,0,35.67065472,139.7058936,53,35,ìy,2020/1/11,2,0,0,153.8,16.96267296,2
DSD07838-200111,7,23,female,0,0,0,0,0.971,0.026,0,0.002,35.67065472,139.7058936,50,35,ìy,2020/1/11,2,0,1,153.8,17.97833333,2
DSD07839-200111,1,21,female,0,0,0,0,0,0.965,0.035,0,35.67064806,139.706075,205,35,ìy,2020/1/11,2,0,0,153.8,4.411422764,2
DSD07839-200111,2,18,female,0,0,0,0,0,0.989,0.01,0,35.67064806,139.706075,163,35,ìy,2020/1/11,2,0,0,153.8,5.53908998,2
DSD07839-200111,3,39,female,0,0,0,0.002,0,0.858,0.006,0.134,35.67064806,139.706075,100,35,ìy,2020/1/11,2,0,0,153.8,9.006666667,2
DSD07839-200111,4,8,female,0,0,0,0,0,0.999,0.001,0,35.67064806,139.706075,99,35,ìy,2020/1/11,2,0,0,153.8,9.097289562,2
DSD07839-200111,5,22,female,0,0,0,0,0,1,0,0,35.67064806,139.706075,92,35,ìy,2020/1/11,2,0,0,153.8,9.786811594,2
DSD07839-200111,6,5,female,0,0,0,0,1,0,0,0,35.67064806,139.706075,67,35,ìy,2020/1/11,2,0,1,153.8,13.42554726,2
DSD07839-200111,7,7,male,0,0.001,0,0,0.596,0.401,0.002,0,35.67064806,139.706075,62,35,ìy,2020/1/11,2,1,1,161.9,15.26752688,2
DSD07839-200111,8,24,male,0,0.001,0,0,0.029,0.97,0,0,35.67064806,139.706075,54,35,ìy,2020/1/11,2,1,0,161.9,17.52419753,2
DSD07839-200111,9,27,female,0,0,0,0,0,0.996,0.003,0,35.67064806,139.706075,47,35,ìy,2020/1/11,2,0,0,153.8,19.12365248,2
DSD07839-200111,10,30,male,0.001,0,0,0,0,0.99,0.009,0,35.67064806,139.706075,46,35,ìy,2020/1/11,2,1,0,161.9,20.5657971,2
DSD07839-200111,11,14,female,0,0,0,0,0,0.998,0.002,0,35.67064806,139.706075,46,35,ìy,2020/1/11,2,0,0,153.8,19.53862319,2
DSD07839-200111,13,24,female,0,0,0,0,0,0.996,0,0.004,35.67064806,139.706075,44,35,ìy,2020/1/11,2,0,0,153.8,20.42515152,2
DSD07840-200111,1,23,female,0,0,0,0,0.002,0.997,0.001,0,35.67051833,139.7061694,338,35,ìy,2020/1/11,2,0,0,153.8,2.68933925,2
DSD07840-200111,2,22,female,0.015,0.003,0.005,0.001,0.005,0.259,0,0.712,35.67051833,139.7061694,278,35,ìy,2020/1/11,2,0,0,153.8,3.262218225,2
DSD07840-200111,3,35,male,0.013,0.001,0,0,0,0.985,0,0,35.67051833,139.7061694,234,35,ìy,2020/1/11,2,1,0,161.9,4.070968661,2
DSD07840-200111,4,20,female,0,0,0,0,0,0.991,0.009,0,35.67051833,139.7061694,184,35,ìy,2020/1/11,2,0,0,153.8,4.910905797,2
DSD07840-200111,6,38,female,0.002,0.001,0,0,0,0.989,0.009,0,35.67051833,139.7061694,114,35,ìy,2020/1/11,2,0,0,153.8,7.904883041,2
DSD07840-200111,7,21,female,0,0,0,0,0.02,0.979,0.001,0,35.67051833,139.7061694,112,35,ìy,2020/1/11,2,0,0,153.8,8.045416667,2
DSD07840-200111,8,21,male,0,0,0,0,0,0.99,0.009,0,35.67051833,139.7061694,95,35,ìy,2020/1/11,2,1,0,161.9,9.97622807,2
DSD07840-200111,9,18,female,0,0,0,0,0,1,0,0,35.67051833,139.7061694,80,35,ìy,2020/1/11,2,0,0,153.8,11.24958333,2
DSD07841-200111,1,30,male,0,0,0,0,0.002,0.997,0.001,0,35.67045139,139.7064683,266,35,ìy,2020/1/11,2,1,0,161.9,3.585438596,2
DSD07841-200111,2,23,male,0.002,0,0,0,0.001,0.976,0.001,0.019,35.67045139,139.7064683,212,35,ìy,2020/1/11,2,1,0,161.9,4.489795597,2
DSD07841-200111,3,20,female,0,0,0,0,0,1,0,0,35.67045139,139.7064683,183,35,ìy,2020/1/11,2,0,0,153.8,4.937550091,2
DSD07841-200111,4,22,female,0,0,0,0,0.003,0.977,0.018,0.001,35.67045139,139.7064683,110,35,ìy,2020/1/11,2,0,0,153.8,8.191060606,2
DSD07841-200111,5,33,male,0,0,0,0,0,0.997,0.003,0,35.67045139,139.7064683,105,35,ìy,2020/1/11,2,1,0,161.9,9.029444444,2
DSD07841-200111,11,23,male,0,0,0,0,0.001,0.998,0,0,35.67045139,139.7064683,66,35,ìy,2020/1/11,2,1,0,161.9,14.34434343,2
DSD07841-200111,12,29,male,0,0,0,0,0.968,0.031,0,0,35.67045139,139.7064683,53,35,ìy,2020/1/11,2,1,1,161.9,17.85418239,2
DSD07841-200111,13,21,male,0,0,0,0,0,0.995,0.003,0.001,35.67045139,139.7064683,47,35,ìy,2020/1/11,2,1,0,161.9,20.12897163,2
DSD07842-200111,1,14,female,0,0,0,0,0,0.993,0.001,0.006,35.6703106,139.7065948,162,35,ìy,2020/1/11,2,0,0,153.8,5.573065844,2
DSD07842-200111,2,22,female,0,0.001,0,0,0.001,0.99,0.008,0,35.6703106,139.7065948,149,35,ìy,2020/1/11,2,0,0,153.8,6.056252796,2
DSD07842-200111,3,16,female,0,0,0,0,0,0.999,0.001,0,35.6703106,139.7065948,127,35,ìy,2020/1/11,2,0,0,153.8,7.099304462,2
DSD07842-200111,4,36,female,0,0,0,0,0.012,0.969,0.001,0.019,35.6703106,139.7065948,99,35,ìy,2020/1/11,2,0,0,153.8,9.097289562,2
DSD07843-200111,1,46,male,0,0,0,0,0,0.974,0.002,0.023,35.67035273,139.7065038,159,35,ìy,2020/1/11,2,1,0,161.9,5.974727463,2
DSD07843-200111,2,18,female,0,0.024,0.003,0,0.027,0.944,0.002,0,35.67035273,139.7065038,145,35,ìy,2020/1/11,2,0,0,153.8,6.222356322,2
DSD07843-200111,3,18,male,0,0,0,0,0,0.978,0.021,0.001,35.67035273,139.7065038,109,35,ìy,2020/1/11,2,1,0,161.9,8.699373089,2
DSD07843-200111,4,23,male,0,0,0,0,0,0.892,0,0.108,35.67035273,139.7065038,52,35,ìy,2020/1/11,2,1,0,161.9,18.19685897,2
DSD07844-200111,1,18,female,0,0.001,0,0,0.01,0.985,0.004,0,35.67048708,139.7062798,296,35,ìy,2020/1/11,2,0,0,153.8,3.065968468,2
DSD07844-200111,2,15,female,0,0.008,0,0,0.055,0.936,0.001,0,35.67048708,139.7062798,282,35,ìy,2020/1/11,2,0,0,153.8,3.21644208,2
DSD07844-200111,3,23,male,0,0.001,0,0,0,0.933,0.065,0,35.67048708,139.7062798,114,35,ìy,2020/1/11,2,1,0,161.9,8.319356725,2
DSD07844-200111,4,27,female,0,0,0,0,0,0.992,0.008,0,35.67048708,139.7062798,113,35,ìy,2020/1/11,2,0,0,153.8,7.974528024,2
DSD07844-200111,5,20,female,0,0,0,0,0,0.999,0.001,0,35.67048708,139.7062798,108,35,ìy,2020/1/11,2,0,0,153.8,8.342098765,2
DSD07844-200111,6,12,male,0,0,0,0,0,1,0,0,35.67048708,139.7062798,79,35,ìy,2020/1/11,2,1,0,161.9,11.98964135,2
DSD07844-200111,7,23,female,0.026,0.001,0.024,0,0.588,0.322,0.037,0,35.67048708,139.7062798,72,35,ìy,2020/1/11,2,0,1,153.8,12.49564815,2
DSD07844-200111,8,13,female,0,0,0,0,0.001,0.771,0.004,0.224,35.67048708,139.7062798,69,35,ìy,2020/1/11,2,0,0,153.8,13.03741546,2
DSD07844-200111,10,43,male,0,0,0,0,0,0.995,0.004,0.001,35.67048708,139.7062798,65,35,ìy,2020/1/11,2,1,0,161.9,14.56448718,2
DSD07844-200111,11,20,male,0,0,0,0,1,0,0,0,35.67048708,139.7062798,64,35,ìy,2020/1/11,2,1,1,161.9,14.79151042,2
DSD07844-200111,13,19,female,0,0,0,0,0.69,0.309,0,0,35.67048708,139.7062798,46,35,ìy,2020/1/11,2,0,1,153.8,19.53862319,2
DSD07844-200111,14,26,male,0,0,0,0,0,1,0,0,35.67048708,139.7062798,42,35,ìy,2020/1/11,2,1,0,161.9,22.52111111,2
DSD07845-200111,1,38,male,0,0.001,0.001,0.001,0,0.947,0.042,0.008,35.67065702,139.7059276,387,35,ìy,2020/1/11,2,1,0,161.9,2.475353144,2
DSD07845-200111,2,20,female,0,0,0,0,0,0.985,0.014,0.001,35.67065702,139.7059276,319,35,ìy,2020/1/11,2,0,0,153.8,2.847434692,2
DSD07845-200111,3,19,female,0,0,0,0,0,0.989,0,0.011,35.67065702,139.7059276,232,35,ìy,2020/1/11,2,0,0,153.8,3.902097701,2
DSD07845-200111,4,21,female,0,0,0,0,0.059,0.926,0,0.015,35.67065702,139.7059276,221,35,ìy,2020/1/11,2,0,0,153.8,4.094577677,2
DSD07845-200111,5,18,female,0.004,0.003,0,0,0,0.935,0.058,0,35.67065702,139.7059276,171,35,ìy,2020/1/11,2,0,0,153.8,5.281588694,2
DSD07846-200111,1,19,female,0.003,0.005,0.01,0,0.389,0.507,0.001,0.086,35.67072089,139.70575,271,35,ìy,2020/1/11,2,0,0,153.8,3.345578106,2
DSD07846-200111,2,20,male,0,0,0,0,0,1,0,0,35.67072089,139.70575,224,35,ìy,2020/1/11,2,1,0,161.9,4.251145833,2
DSD07846-200111,3,22,female,0,0,0,0.001,0,0.978,0.008,0.014,35.67072089,139.70575,205,35,ìy,2020/1/11,2,0,0,153.8,4.411422764,2
DSD07846-200111,4,23,female,0,0,0,0,0.026,0.973,0,0.001,35.67072089,139.70575,80,35,ìy,2020/1/11,2,0,0,153.8,11.24958333,2
DSD07846-200111,5,25,male,0,0,0,0,0,1,0,0,35.67072089,139.70575,61,35,ìy,2020/1/11,2,1,0,161.9,15.51724044,2
DSD07846-200111,6,20,female,0,0,0,0,0.001,0.996,0.003,0,35.67072089,139.70575,50,35,ìy,2020/1/11,2,0,0,153.8,17.97833333,2
DSD07847-200111,1,20,female,0,0.001,0,0,0.051,0.943,0.005,0,35.67090472,139.705475,86,35,ìy,2020/1/11,2,0,0,153.8,10.46717054,2
DSD07847-200111,2,22,female,0,0,0,0,0.491,0.508,0,0,35.67090472,139.705475,68,35,ìy,2020/1/11,2,0,0,153.8,13.22862745,2
DSD07848-200111,1,20,female,0,0.001,0,0,0.009,0.978,0.012,0,35.67095917,139.7053644,352,35,ìy,2020/1/11,2,0,0,153.8,2.583768939,2
DSD07848-200111,2,19,female,0,0,0,0,0,0.977,0.023,0,35.67095917,139.7053644,335,35,ìy,2020/1/11,2,0,0,153.8,2.713109453,2
DSD07848-200111,3,18,female,0.002,0,0,0,0,0.995,0.002,0.001,35.67095917,139.7053644,245,35,ìy,2020/1/11,2,0,0,153.8,3.696904762,2
DSD07848-200111,4,18,male,0,0,0,0,0,0.995,0.005,0,35.67095917,139.7053644,229,35,ìy,2020/1/11,2,1,0,161.9,4.159090247,2
DSD07848-200111,5,43,male,0,0,0,0.001,0,0.967,0.014,0.018,35.67095917,139.7053644,149,35,ìy,2020/1/11,2,1,0,161.9,6.37336689,2
DSD07848-200111,6,27,male,0,0.001,0,0,0.044,0.95,0.003,0.003,35.67095917,139.7053644,148,35,ìy,2020/1/11,2,1,0,161.9,6.416193694,2
DSD07848-200111,7,20,female,0,0,0,0,0,0.989,0.01,0.001,35.67095917,139.7053644,146,35,ìy,2020/1/11,2,0,0,153.8,6.179977169,2
DSD07848-200111,8,18,female,0,0.006,0,0,0.014,0.974,0.003,0.003,35.67095917,139.7053644,117,35,ìy,2020/1/11,2,0,0,153.8,7.703091168,2
DSD07848-200111,9,19,male,0,0,0,0.011,0,0.861,0.004,0.124,35.67095917,139.7053644,116,35,ìy,2020/1/11,2,1,0,161.9,8.176522989,2
DSD07849-200111,1,20,male,0,0,0,0,0.006,0.992,0.002,0,35.67101001,139.705248,395,35,ìy,2020/1/11,2,1,0,161.9,2.42592827,2
DSD07849-200111,2,21,male,0,0,0,0,0,0.996,0.003,0.001,35.67101001,139.705248,368,35,ìy,2020/1/11,2,1,0,161.9,2.601349638,2
DSD07849-200111,3,21,male,0,0,0,0,0.24,0.752,0.007,0.001,35.67101001,139.705248,251,35,ìy,2020/1/11,2,1,0,161.9,3.797616202,2
DSD07849-200111,4,23,male,0,0,0,0,0,0.998,0.001,0,35.67101001,139.705248,248,35,ìy,2020/1/11,2,1,0,161.9,3.84313172,2
DSD07849-200111,5,31,female,0,0,0,0.001,0,0.977,0.018,0.003,35.67101001,139.705248,212,35,ìy,2020/1/11,2,0,0,153.8,4.266918239,2
DSD07849-200111,6,23,female,0,0,0,0,0,0.998,0.001,0,35.67101001,139.705248,104,35,ìy,2020/1/11,2,0,0,153.8,8.661602564,2
DSD07849-200111,7,18,male,0,0,0,0,0,1,0,0,35.67101001,139.705248,63,35,ìy,2020/1/11,2,1,0,161.9,15.02574074,2
DSD07849-200111,8,17,male,0,0,0,0,0.001,0.711,0.001,0.286,35.67101001,139.705248,50,35,ìy,2020/1/11,2,1,0,161.9,18.92333333,2
DSD07849-200111,9,24,female,0,0,0,0,0,1,0,0,35.67101001,139.705248,48,35,ìy,2020/1/11,2,0,0,153.8,18.72597222,2
DSD07849-200111,10,21,male,0.001,0,0,0,0.225,0.758,0.001,0.016,35.67101001,139.705248,45,35,ìy,2020/1/11,2,1,0,161.9,21.02203704,2
DSD07849-200111,11,18,female,0,0,0,0,0.001,0.975,0.001,0.022,35.67101001,139.705248,37,35,ìy,2020/1/11,2,0,0,153.8,24.28274775,2
DSD07850-200111,1,20,female,0,0,0,0,0,0.984,0.001,0.015,35.67110511,139.705075,379,35,ìy,2020/1/11,2,0,0,153.8,2.402194371,2
DSD07850-200111,2,19,female,0.012,0.001,0,0,0,0.983,0.003,0,35.67110511,139.705075,271,35,ìy,2020/1/11,2,0,0,153.8,3.345578106,2
DSD07850-200111,3,17,female,0,0,0,0,0,0.955,0.041,0.004,35.67110511,139.705075,226,35,ìy,2020/1/11,2,0,0,153.8,4.004764012,2
DSD07850-200111,4,50,male,0.003,0,0,0.001,0.001,0.399,0.001,0.596,35.67110511,139.705075,168,35,ìy,2020/1/11,2,1,0,161.9,5.656527778,2
DSD07850-200111,5,20,female,0,0.001,0,0,0.715,0.284,0,0,35.67110511,139.705075,140,35,ìy,2020/1/11,2,0,1,153.8,6.443333333,2
DSD07850-200111,6,18,female,0,0,0,0,0.176,0.81,0.004,0.009,35.67110511,139.705075,117,35,ìy,2020/1/11,2,0,0,153.8,7.703091168,2
DSD07850-200111,7,21,female,0,0,0,0,0,1,0,0,35.67110511,139.705075,99,35,ìy,2020/1/11,2,0,0,153.8,9.097289562,2
DSD07850-200111,8,22,male,0,0,0,0,0.002,0.993,0.005,0,35.67110511,139.705075,95,35,ìy,2020/1/11,2,1,0,161.9,9.97622807,2
DSD07850-200111,9,30,female,0,0,0,0,0.05,0.945,0.003,0.002,35.67110511,139.705075,89,35,ìy,2020/1/11,2,0,0,153.8,10.11552434,2
DSD07850-200111,10,20,male,0,0,0,0,0,1,0,0,35.67110511,139.705075,75,35,ìy,2020/1/11,2,1,0,161.9,12.62722222,2
DSD07850-200111,14,17,female,0,0,0,0.001,0.244,0.004,0.001,0.749,35.67110511,139.705075,41,35,ìy,2020/1/11,2,0,0,153.8,21.91711382,2
DSD07851-200111,1,19,female,0.002,0,0,0,0,0.636,0,0.36,35.67114574,139.7049782,629,35,ìy,2020/1/11,2,0,0,153.8,1.461338103,2
DSD07851-200111,2,22,female,0,0,0,0,0,0.999,0.001,0,35.67114574,139.7049782,451,35,ìy,2020/1/11,2,0,0,153.8,2.024283075,2
DSD07851-200111,3,18,female,0,0,0,0,0.002,0.995,0.002,0.001,35.67114574,139.7049782,170,35,ìy,2020/1/11,2,0,0,153.8,5.31245098,2
DSD07851-200111,4,25,female,0.01,0.002,0.001,0.001,0.001,0.947,0.003,0.034,35.67114574,139.7049782,148,35,ìy,2020/1/11,2,0,0,153.8,6.096936937,2
DSD07851-200111,5,12,male,0,0,0,0,0,0.961,0.001,0.039,35.67114574,139.7049782,125,35,ìy,2020/1/11,2,1,0,161.9,7.590333333,2
DSD07851-200111,6,42,male,0,0,0,0,0,0.931,0.068,0,35.67114574,139.7049782,104,35,ìy,2020/1/11,2,1,0,161.9,9.115929487,2
DSD07851-200111,7,15,female,0,0,0,0,0,0.979,0.021,0,35.67114574,139.7049782,98,35,ìy,2020/1/11,2,0,0,153.8,9.189761905,2
DSD07852-200111,1,12,female,0,0,0,0,0,0.99,0.009,0,35.67118534,139.7048948,333,35,ìy,2020/1/11,2,0,0,153.8,2.729194194,2
DSD07852-200111,2,19,female,0,0,0,0,0.999,0,0,0,35.67118534,139.7048948,269,35,ìy,2020/1/11,2,0,1,153.8,3.370192069,2
DSD07852-200111,3,46,female,0,0.002,0,0,0.021,0.969,0.007,0,35.67118534,139.7048948,266,35,ìy,2020/1/11,2,0,0,153.8,3.407807018,2
DSD07852-200111,4,19,female,0,0,0,0,0.999,0.001,0,0,35.67118534,139.7048948,248,35,ìy,2020/1/11,2,0,1,153.8,3.652607527,2
DSD07852-200111,5,35,male,0,0,0,0,0,0.994,0.005,0.001,35.67118534,139.7048948,150,35,ìy,2020/1/11,2,1,0,161.9,6.331111111,2
DSD07852-200111,10,31,male,0,0,0,0,0,0.997,0.003,0,35.67118534,139.7048948,121,35,ìy,2020/1/11,2,1,0,161.9,7.840096419,2
DSD07852-200111,11,18,female,0.005,0,0,0,0,0.985,0.002,0.008,35.67118534,139.7048948,109,35,ìy,2020/1/11,2,0,0,153.8,8.26588685,2
DSD07853-200111,1,18,female,0.033,0.007,0.003,0,0.004,0.942,0.01,0.001,35.67127417,139.7047417,660,35,ìy,2020/1/11,2,0,0,153.8,1.394343434,2
DSD07853-200111,2,15,female,0,0,0,0.001,0,0.902,0.084,0.012,35.67127417,139.7047417,487,35,ìy,2020/1/11,2,0,0,153.8,1.877231348,2
DSD07853-200111,3,31,male,0,0,0,0,0,0.991,0.009,0,35.67127417,139.7047417,322,35,ìy,2020/1/11,2,1,0,161.9,2.967971014,2
DSD07853-200111,4,15,female,0,0,0,0,0,0.998,0.002,0,35.67127417,139.7047417,285,35,ìy,2020/1/11,2,0,0,153.8,3.182953216,2
DSD07854-200111,1,38,male,0,0.001,0,0,0.008,0.981,0.009,0,35.67131917,139.7046967,326,35,ìy,2020/1/11,2,1,0,161.9,2.93198364,2
DSD07854-200111,2,44,female,0,0.001,0,0,0.691,0.298,0.01,0,35.67131917,139.7046967,206,35,ìy,2020/1/11,2,0,1,153.8,4.390177994,2
DSD07854-200111,3,25,female,0,0,0,0.011,0.014,0.941,0.007,0.026,35.67131917,139.7046967,191,35,ìy,2020/1/11,2,0,0,153.8,4.732207679,2
DSD07855-200111,1,23,female,0,0,0,0,0.916,0.079,0.001,0.003,35.67133889,139.7045839,858,35,ìy,2020/1/11,2,0,1,153.8,1.080648796,2
DSD07855-200111,2,19,female,0,0.001,0,0,0.451,0.545,0.003,0,35.67133889,139.7045839,425,35,ìy,2020/1/11,2,0,0,153.8,2.145980392,2
DSD07855-200111,3,21,female,0.001,0.001,0.002,0,0.107,0.406,0.482,0,35.67133889,139.7045839,395,35,ìy,2020/1/11,2,0,0,153.8,2.306308017,2
DSD07855-200111,4,29,male,0,0,0,0,0,0.955,0.002,0.043,35.67133889,139.7045839,205,35,ìy,2020/1/11,2,1,0,161.9,4.641910569,2
DSD07855-200111,5,19,male,0,0,0,0,0,1,0,0,35.67133889,139.7045839,168,35,ìy,2020/1/11,2,1,0,161.9,5.656527778,2
DSD07855-200111,6,18,female,0,0.005,0,0,0,0.987,0.001,0.007,35.67133889,139.7045839,140,35,ìy,2020/1/11,2,0,0,153.8,6.443333333,2
DSD07855-200111,7,41,male,0,0,0,0,0.094,0.906,0,0,35.67133889,139.7045839,71,35,ìy,2020/1/11,2,1,0,161.9,13.33664319,2
DSD07855-200111,8,40,male,0,0,0,0,0.001,0.998,0,0,35.67133889,139.7045839,67,35,ìy,2020/1/11,2,1,0,161.9,14.13077114,2
DSD07855-200111,9,28,male,0,0,0,0,0.219,0.78,0,0,35.67133889,139.7045839,59,35,ìy,2020/1/11,2,1,0,161.9,16.04206215,2
DSD07856-200111,1,18,female,0,0.002,0,0,0,0.989,0.009,0,35.67138445,139.7043725,188,35,ìy,2020/1/11,2,0,0,153.8,4.807163121,2
DSD07856-200111,2,24,male,0,0.001,0,0.001,0.002,0.559,0.436,0.001,35.67138445,139.7043725,151,35,ìy,2020/1/11,2,1,0,161.9,6.289415011,2
DSD07856-200111,3,4,female,0,0,0,0,0.002,0.992,0.004,0.002,35.67138445,139.7043725,113,35,ìy,2020/1/11,2,0,0,153.8,7.974528024,2
DSD07856-200111,4,18,female,0,0.001,0,0,0.014,0.98,0.005,0.001,35.67138445,139.7043725,89,35,ìy,2020/1/11,2,0,0,153.8,10.11552434,2
DSD07857-200111,1,19,female,0,0,0,0,1,0,0,0,35.67135168,139.7042768,220,35,ìy,2020/1/11,2,0,1,153.8,4.113030303,2
DSD07857-200111,2,20,female,0.006,0,0.005,0.006,0.001,0.79,0.178,0.014,35.67135168,139.7042768,183,35,ìy,2020/1/11,2,0,0,153.8,4.937550091,2
DSD07857-200111,3,25,male,0,0,0,0,1,0,0,0,35.67135168,139.7042768,176,35,ìy,2020/1/11,2,1,1,161.9,5.401003788,2
DSD07857-200111,4,32,male,0.001,0.001,0,0.001,0,0.968,0.026,0.004,35.67135168,139.7042768,136,35,ìy,2020/1/11,2,1,0,161.9,6.979240196,2
DSD07857-200111,5,21,male,0,0.003,0,0,0.96,0.036,0,0,35.67135168,139.7042768,120,35,ìy,2020/1/11,2,1,1,161.9,7.905138889,2
DSD07857-200111,6,24,male,0,0,0,0,0,0.999,0.001,0,35.67135168,139.7042768,74,35,ìy,2020/1/11,2,1,0,161.9,12.79738739,2
DSD07858-200111,1,30,male,0.001,0,0,0,0,0.997,0.002,0.001,35.67136028,139.7042176,582,35,ìy,2020/1/11,2,1,0,161.9,1.657709049,2
DSD07858-200111,2,21,male,0,0,0,0,0,0.999,0,0,35.67136028,139.7042176,332,35,ìy,2020/1/11,2,1,0,161.9,2.879628514,2
DSD07858-200111,3,18,female,0,0.001,0,0,0.353,0.64,0.001,0.005,35.67136028,139.7042176,294,35,ìy,2020/1/11,2,0,0,153.8,3.086587302,2
DSD07858-200111,4,18,female,0,0.001,0,0,0.001,0.997,0.001,0,35.67136028,139.7042176,264,35,ìy,2020/1/11,2,0,0,153.8,3.433358586,2
DSD07859-200111,1,23,female,0,0.001,0,0,0,0.744,0.256,0,35.6713897,139.7040621,150,35,ìy,2020/1/11,2,0,0,153.8,6.016111111,2
DSD07859-200111,2,48,male,0,0,0,0,0,0.999,0,0,35.6713897,139.7040621,134,35,ìy,2020/1/11,2,1,0,161.9,7.082885572,2
DSD07859-200111,3,22,female,0,0,0,0,0,0.993,0.007,0,35.6713897,139.7040621,128,35,ìy,2020/1/11,2,0,0,153.8,7.044114583,2
DSD07859-200111,4,24,male,0,0,0,0,0.001,0.998,0.001,0,35.6713897,139.7040621,115,35,ìy,2020/1/11,2,1,0,161.9,8.247318841,2
DSD07860-200111,1,21,male,0,0,0,0,0,1,0,0,35.67140396,139.7039328,417,35,ìy,2020/1/11,2,1,0,161.9,2.299788169,2
DSD07860-200111,2,18,male,0,0,0,0,0,0.999,0,0,35.67140396,139.7039328,229,35,ìy,2020/1/11,2,1,0,161.9,4.159090247,2
DSD07860-200111,3,19,female,0,0,0,0,1,0,0,0,35.67140396,139.7039328,136,35,ìy,2020/1/11,2,0,1,153.8,6.631813725,2
DSD07860-200111,4,16,female,0.053,0.001,0.025,0,0.044,0.861,0.015,0.001,35.67140396,139.7039328,134,35,ìy,2020/1/11,2,0,0,153.8,6.730273632,2
DSD07860-200111,5,20,female,0,0,0,0,0,0.973,0.027,0,35.67140396,139.7039328,105,35,ìy,2020/1/11,2,0,0,153.8,8.579444444,2
DSD07860-200111,6,45,male,0,0,0,0,0,0.997,0.002,0,35.67140396,139.7039328,72,35,ìy,2020/1/11,2,1,0,161.9,13.15189815,2
DSD07861-200111,1,21,female,0,0,0,0,0,0.999,0,0,35.67144195,139.7037455,399,35,ìy,2020/1/11,2,0,0,153.8,2.283538012,2
DSD07861-200111,2,14,female,0.001,0.002,0,0,0.016,0.961,0.019,0,35.67144195,139.7037455,176,35,ìy,2020/1/11,2,0,0,153.8,5.132537879,2
DSD07861-200111,3,20,female,0,0.007,0,0,0,0.985,0.006,0.002,35.67144195,139.7037455,153,35,ìy,2020/1/11,2,0,0,153.8,5.898834423,2
DSD07861-200111,4,57,female,0,0,0,0.001,0.018,0.587,0.005,0.387,35.67144195,139.7037455,100,35,ìy,2020/1/11,2,0,0,153.8,9.006666667,2
DSD07861-200111,5,33,male,0,0.001,0,0,0.567,0.432,0,0,35.67144195,139.7037455,70,35,ìy,2020/1/11,2,1,1,161.9,13.52666667,2
DSD07862-200111,1,38,female,0,0.017,0,0,0.786,0.191,0.005,0.001,35.67148227,139.7036705,370,35,ìy,2020/1/11,2,0,1,153.8,2.459774775,2
DSD07862-200111,2,17,female,0,0,0,0,0.079,0.92,0,0,35.67148227,139.7036705,216,35,ìy,2020/1/11,2,0,0,153.8,4.188549383,2
DSD07862-200111,3,18,female,0.001,0,0,0,0,0.985,0.013,0.001,35.67148227,139.7036705,203,35,ìy,2020/1/11,2,0,0,153.8,4.45454023,2
DSD07862-200111,4,8,female,0.001,0,0,0,0,0.994,0.001,0.004,35.67148227,139.7036705,200,35,ìy,2020/1/11,2,0,0,153.8,4.520833333,2
DSD07862-200111,5,26,female,0,0,0,0,0.042,0.944,0.013,0,35.67148227,139.7036705,75,35,ìy,2020/1/11,2,0,0,153.8,11.99722222,2
DSD07863-200111,1,29,male,0,0,0,0,0.001,0.999,0,0,35.67154306,139.7036047,345,35,ìy,2020/1/11,2,1,0,161.9,2.772439614,2
DSD07863-200111,2,26,female,0,0,0,0,0,0.981,0,0.018,35.67154306,139.7036047,272,35,ìy,2020/1/11,2,0,0,153.8,3.333406863,2
DSD07863-200111,3,23,female,0,0,0,0,0,0.999,0,0,35.67154306,139.7036047,144,35,ìy,2020/1/11,2,0,0,153.8,6.265324074,2
DSD07863-200111,4,40,male,0,0,0,0,0,0.997,0.002,0.001,35.67154306,139.7036047,129,35,ìy,2020/1/11,2,1,0,161.9,7.356059432,2
DSD07863-200111,5,35,male,0,0,0,0,0.792,0.207,0.001,0,35.67154306,139.7036047,115,35,ìy,2020/1/11,2,1,1,161.9,8.247318841,2
DSD07863-200111,6,44,male,0.001,0.002,0,0,0,0.927,0.069,0,35.67154306,139.7036047,112,35,ìy,2020/1/11,2,1,0,161.9,8.467291667,2
DSD07863-200111,7,25,male,0,0.001,0,0,0,0.999,0.001,0,35.67154306,139.7036047,96,35,ìy,2020/1/11,2,1,0,161.9,9.872673611,2
DSD07863-200111,8,18,female,0.001,0.001,0,0,0.073,0.841,0.084,0,35.67154306,139.7036047,85,35,ìy,2020/1/11,2,0,0,153.8,10.58990196,2
DSD07863-200111,9,13,female,0,0,0,0,0.001,0.99,0.008,0,35.67154306,139.7036047,73,35,ìy,2020/1/11,2,0,0,153.8,12.32495434,2
DSD07863-200111,10,42,male,0,0,0,0,0.001,0.955,0.044,0,35.67154306,139.7036047,72,35,ìy,2020/1/11,2,1,0,161.9,13.15189815,2
DSD07863-200111,11,18,female,0.005,0.001,0,0.002,0.001,0.971,0.003,0.018,35.67154306,139.7036047,42,35,ìy,2020/1/11,2,0,0,153.8,21.39611111,2
DSD07864-200111,1,18,female,0,0,0,0,0,1,0,0,35.67151078,139.7034446,170,35,ìy,2020/1/11,2,0,0,153.8,5.31245098,2
DSD07864-200111,2,25,male,0,0,0,0,0.07,0.791,0,0.139,35.67151078,139.7034446,94,35,ìy,2020/1/11,2,1,0,161.9,10.08198582,2
DSD07864-200111,3,15,female,0,0,0,0,0.001,0.997,0.002,0,35.67151078,139.7034446,83,35,ìy,2020/1/11,2,0,0,153.8,10.84423695,2
DSD07864-200111,5,18,male,0,0,0,0,0,1,0,0,35.67151078,139.7034446,80,35,ìy,2020/1/11,2,1,0,161.9,11.84020833,2
DSD07864-200111,6,62,male,0,0,0,0,0,0.994,0,0.006,35.67151078,139.7034446,60,35,ìy,2020/1/11,2,1,0,161.9,15.77527778,2
DSD07864-200111,7,28,male,0,0.001,0,0,0.031,0.967,0.001,0,35.67151078,139.7034446,55,35,ìy,2020/1/11,2,1,0,161.9,17.20621212,2
DSD07864-200111,8,30,male,0,0,0,0,0.001,0.986,0,0.012,35.67151078,139.7034446,54,35,ìy,2020/1/11,2,1,0,161.9,17.52419753,2
DSD07864-200111,9,30,male,0,0,0,0,0,1,0,0,35.67151078,139.7034446,51,35,ìy,2020/1/11,2,1,0,161.9,18.55297386,2
DSD07864-200111,10,22,female,0,0,0,0,0,0.999,0.001,0,35.67151078,139.7034446,48,35,ìy,2020/1/11,2,0,0,153.8,18.72597222,2
DSD07864-200111,11,30,male,0,0.001,0,0,0.977,0.022,0,0,35.67151078,139.7034446,47,35,ìy,2020/1/11,2,1,1,161.9,20.12897163,2
DSD07864-200111,12,19,female,0.001,0,0,0,0.01,0.959,0.003,0.026,35.67151078,139.7034446,44,35,ìy,2020/1/11,2,0,0,153.8,20.42515152,2
DSD07864-200111,13,18,female,0,0,0,0,0,1,0,0,35.67151078,139.7034446,41,35,ìy,2020/1/11,2,0,0,153.8,21.91711382,2
