filename,order,age,gender,anger,comtempt,disgust,fear,happiness,neutral,sadness,surprise,Lat,Lon,âÊëúÉTÉCÉY,35mmä∑éZ,ójì˙,ì˙ït,éûä‘ë—,ìyì˙_tf,èÍèä
A7300222,1,22,female,0.001,0.003,0,0.003,0.007,0.926,0.01,0.049,35.65961083,139.7022903,77,70,ì˙,2019/12/8,1,1,ã{âvç‚
A7300223,1,35,male,0,0,0,0,0,0.999,0.001,0,35.65961528,139.7023628,57,70,ì˙,2019/12/8,1,1,ã{âvç‚
A7300225,1,44,male,0,0,0,0,0,0.985,0.015,0,35.659825,139.7022933,60,70,ì˙,2019/12/8,1,1,ã{âvç‚
A7300227,1,25,female,0,0,0,0,0,0.999,0.001,0,35.65977528,139.70232,60,49,ì˙,2019/12/8,1,1,ã{âvç‚
A7300228,1,26,female,0.004,0.001,0.001,0.002,0.001,0.963,0.009,0.019,35.65941583,139.7022667,101,62,ì˙,2019/12/8,1,1,ã{âvç‚
A7300229,1,38,male,0,0,0,0.059,0,0.053,0,0.887,35.65973722,139.7025075,125,69,ì˙,2019/12/8,1,1,ã{âvç‚
A7300230,1,29,male,0,0,0,0,0,0.998,0.001,0.001,35.65970222,139.7025433,131,70,ì˙,2019/12/8,1,1,ã{âvç‚
A7300231,1,47,male,0.002,0.002,0,0,0,0.992,0.002,0.001,35.6596925,139.7025483,57,70,ì˙,2019/12/8,1,1,ã{âvç‚
A7300232,1,43,male,0,0,0,0.011,0.001,0.444,0.002,0.541,35.65972889,139.7025378,58,70,ì˙,2019/12/8,1,1,ã{âvç‚
A7300233,1,20,male,0,0,0,0,0,0.947,0.052,0,35.65976528,139.7024314,88,70,ì˙,2019/12/8,1,1,ã{âvç‚
A7300237,1,32,female,0,0,0,0.002,0,0.884,0.107,0.007,35.65949306,139.7025264,113,70,ì˙,2019/12/8,1,1,ã{âvç‚
A7300240,1,49,male,0.001,0,0,0,0,0.994,0.005,0,35.65945806,139.7026058,110,36,ì˙,2019/12/8,1,1,ã{âvç‚
A7300241,1,48,male,0.001,0,0,0,0,0.989,0.01,0,35.65945806,139.7026058,150,36,ì˙,2019/12/8,1,1,ã{âvç‚
A7300242,1,22,male,0.012,0.004,0,0,0,0.98,0.004,0,35.65949083,139.7026536,355,35,ì˙,2019/12/8,1,1,ã{âvç‚
A7300243,1,41,male,0,0,0,0,0.003,0.867,0,0.13,35.65952778,139.7026356,77,35,ì˙,2019/12/8,1,1,ã{âvç‚
A7300244,1,20,male,0,0.001,0,0,0.199,0.798,0,0.002,35.65955778,139.7026233,521,35,ì˙,2019/12/8,1,1,ã{âvç‚
A7300246,1,48,male,0,0.011,0,0,0,0.968,0.02,0,35.65957861,139.7024608,249,35,ì˙,2019/12/8,1,1,ã{âvç‚
A7300247,1,19,male,0,0,0,0,1,0,0,0,35.65958472,139.7024064,462,35,ì˙,2019/12/8,1,1,ã{âvç‚
A7300248,1,41,female,0,0.001,0,0,0.417,0.551,0.026,0.005,35.65958556,139.7023308,90,35,ì˙,2019/12/8,1,1,ã{âvç‚
A7300249,1,22,female,0,0.001,0,0,0.001,0.668,0.33,0,35.65953528,139.7022614,171,34,ì˙,2019/12/8,1,1,ã{âvç‚
A7300250,1,29,female,0.003,0.011,0.003,0,0.202,0.779,0.002,0,35.65948945,139.7023661,108,34,ì˙,2019/12/8,1,1,ã{âvç‚
A7300251,1,28,female,0.001,0,0,0.002,0.021,0.911,0.032,0.033,35.6594775,139.7022961,190,34,ì˙,2019/12/8,1,1,ã{âvç‚
A7300252,1,18,male,0,0,0,0,0,0.996,0.002,0.001,35.65942222,139.7022692,97,34,ì˙,2019/12/8,1,1,ã{âvç‚
A7300254,1,24,female,0,0.002,0,0,0,0.997,0.001,0,35.65968222,139.7024117,85,40,ì˙,2019/12/8,1,1,ã{âvç‚
A7300255,1,31,female,0,0,0,0,0,0.873,0.126,0,35.65964583,139.7025383,437,40,ì˙,2019/12/8,1,1,ã{âvç‚
A7300256,1,20,male,0.001,0.001,0,0,0,0.937,0.061,0,35.65964667,139.702655,235,40,ì˙,2019/12/8,1,1,ã{âvç‚
A7300257,1,28,male,0,0,0,0,0.851,0.147,0.002,0,35.65962972,139.7027161,220,40,ì˙,2019/12/8,1,1,ã{âvç‚
DSC01539,1,13,female,0,0,0,0,0.121,0.878,0,0,35.65938306,139.7022214,100,105,ìy,2019/12/7,2,1,ã{âvç‚
DSC01540,1,19,male,0,0,0,0,0,0.952,0,0.047,35.65940556,139.7022283,109,105,ìy,2019/12/7,2,1,ã{âvç‚
DSC01541,1,42,female,0,0.001,0,0,0,0.747,0.251,0.001,35.65944,139.7023428,193,35,ìy,2019/12/7,2,1,ã{âvç‚
DSC01542,1,20,male,0,0,0,0,0.999,0,0,0,35.65944195,139.7024094,468,35,ìy,2019/12/7,2,1,ã{âvç‚
DSC01543,1,25,male,0,0,0,0,0.999,0.001,0,0,35.65947111,139.7024722,342,35,ìy,2019/12/7,2,1,ã{âvç‚
DSC01544,1,25,female,0,0,0,0,0.004,0.992,0.003,0.001,35.65944472,139.7025133,68,35,ìy,2019/12/7,2,1,ã{âvç‚
DSC01545,1,25,male,0.029,0.001,0,0,0,0.965,0.005,0,35.65948945,139.7025236,99,54,ìy,2019/12/7,2,1,ã{âvç‚
DSC01547,1,20,female,0,0,0,0,0.001,0.994,0.003,0.002,35.65948972,139.7024911,86,105,ìy,2019/12/7,2,1,ã{âvç‚
DSC01548,1,17,male,0,0,0,0,0,0.993,0.007,0,35.65949889,139.7024764,522,40,ìy,2019/12/7,2,1,ã{âvç‚
DSC01549,1,17,male,0,0,0,0,0,0.999,0.001,0,35.65949556,139.7024725,309,36,ìy,2019/12/7,2,1,ã{âvç‚
DSC01550,1,20,male,0,0,0,0,0.001,0.977,0.001,0.021,35.65949556,139.7024725,452,36,ìy,2019/12/7,2,1,ã{âvç‚
DSC01551,1,6,female,0.002,0.001,0.001,0.003,0.004,0.793,0.003,0.193,35.65950306,139.7024997,242,36,ìy,2019/12/7,2,1,ã{âvç‚
DSC01552,1,23,female,0.003,0,0.001,0.003,0.557,0.101,0.011,0.324,35.65957889,139.7024581,99,78,ìy,2019/12/7,2,1,ã{âvç‚
DSC01553,1,31,male,0,0,0,0,0,0.99,0.009,0,35.65957222,139.7024383,74,105,ìy,2019/12/7,2,1,ã{âvç‚
DSC01554,1,56,male,0,0.005,0,0,0.268,0.725,0.001,0.002,35.65957306,139.7023675,129,105,ìy,2019/12/7,2,1,ã{âvç‚
DSC01555,1,19,male,0,0,0,0,0,0.946,0,0.054,35.65965417,139.7022722,265,35,ìy,2019/12/7,2,1,ã{âvç‚
DSC01556,1,23,male,0,0.004,0,0,0.001,0.993,0.001,0,35.65962667,139.7022419,491,35,ìy,2019/12/7,2,1,ã{âvç‚
DSC01557,1,22,female,0,0,0,0,0,0.962,0.002,0.035,35.65957611,139.7022458,285,35,ìy,2019/12/7,2,1,ã{âvç‚
DSC01558,1,36,male,0.004,0.405,0.001,0,0.004,0.583,0.003,0,35.659495,139.7022114,81,40,ìy,2019/12/7,2,1,ã{âvç‚
DSC01559,1,23,male,0,0.228,0,0,0.027,0.741,0,0.002,35.65951778,139.7023608,87,70,ìy,2019/12/7,2,1,ã{âvç‚
DSC01561,1,18,male,0.01,0.001,0.002,0.01,0,0.699,0.001,0.278,35.65950195,139.7023331,241,36,ìy,2019/12/7,2,1,ã{âvç‚
DSC01563,1,16,female,0.005,0,0.002,0.001,0.866,0.088,0.014,0.024,35.65944889,139.7022739,71,36,ìy,2019/12/7,2,1,ã{âvç‚
DSC02555,1,29,male,0.023,0,0,0,0.003,0.971,0.002,0,35.65942445,139.7020414,66,39,ì˙,2019/12/8,3,1,ã{âvç‚
DSC02556,1,24,female,0,0,0,0,0,0.999,0,0.001,35.65946,139.7021569,107,105,ì˙,2019/12/8,3,1,ã{âvç‚
DSC02557,1,23,female,0,0,0,0.001,0,0.367,0.001,0.631,35.65947195,139.7021653,92,105,ì˙,2019/12/8,3,1,ã{âvç‚
DSC02558,1,21,male,0,0,0,0,0,0.994,0.006,0,35.659505,139.7021236,542,55,ì˙,2019/12/8,3,1,ã{âvç‚
DSC02559,1,4,female,0,0,0,0,0.652,0.348,0,0,35.65954528,139.7021431,120,55,ì˙,2019/12/8,3,1,ã{âvç‚
DSC02560,1,32,male,0,0,0,0,0,0.981,0,0.018,35.65956333,139.7021744,80,105,ì˙,2019/12/8,3,1,ã{âvç‚
DSC02562,1,26,male,0,0,0,0,0,0.957,0.041,0.001,35.65956889,139.7022017,102,105,ì˙,2019/12/8,3,1,ã{âvç‚
DSC02563,1,21,female,0,0,0,0,0,0.997,0.001,0.002,35.65950611,139.7021767,97,105,ì˙,2019/12/8,3,1,ã{âvç‚
DSC02564,1,68,male,0,0,0,0,0,0.969,0,0.03,35.65947028,139.7021539,83,105,ì˙,2019/12/8,3,1,ã{âvç‚
DSC02565,1,34,female,0,0,0,0.001,0,0.816,0.001,0.183,35.65949611,139.7022667,89,66,ì˙,2019/12/8,3,1,ã{âvç‚
DSC02566,1,29,female,0,0.002,0,0,0.001,0.983,0.014,0,35.65952417,139.7024142,342,35,ì˙,2019/12/8,3,1,ã{âvç‚
DSC02567,1,24,male,0,0,0,0,0,0.97,0,0.029,35.65952889,139.7024717,347,35,ì˙,2019/12/8,3,1,ã{âvç‚
DSC02568,1,34,female,0,0.001,0,0,0.02,0.956,0.001,0.022,35.65947417,139.7023469,68,105,ì˙,2019/12/8,3,1,ã{âvç‚
DSC02569,1,37,male,0,0,0,0.001,0,0.987,0.007,0.005,35.65945,139.7023339,150,105,ì˙,2019/12/8,3,1,ã{âvç‚
DSC02570,1,23,female,0,0,0,0.001,0.001,0.908,0.002,0.086,35.65943333,139.7023383,81,105,ì˙,2019/12/8,3,1,ã{âvç‚
DSC02571,1,36,female,0,0,0,0,0,0.974,0.003,0.023,35.65955306,139.70243,242,46,ì˙,2019/12/8,3,1,ã{âvç‚
DSC02573,1,19,female,0,0,0,0,0,1,0,0,35.65956306,139.7024581,65,105,ì˙,2019/12/8,3,1,ã{âvç‚
DSC02574,1,40,male,0,0,0,0,0.004,0.996,0,0,35.65945611,139.7024231,113,105,ì˙,2019/12/8,3,1,ã{âvç‚
DSC02576,1,7,female,0,0,0,0,0.644,0.346,0.003,0.007,35.65934333,139.7022703,200,35,ì˙,2019/12/8,3,1,ã{âvç‚
DSC02832,1,24,male,0.001,0,0,0,0.709,0.286,0.003,0.001,35.65943583,139.7021211,108,105,åé,2019/12/9,3,0,ã{âvç‚
DSC02833,1,25,male,0.033,0.005,0,0,0.058,0.901,0.002,0,35.65947361,139.7021044,82,105,åé,2019/12/9,3,0,ã{âvç‚
DSC02834,1,21,male,0,0,0,0,0,0.998,0,0.001,35.65951333,139.7021253,104,105,åé,2019/12/9,3,0,ã{âvç‚
DSC02835,1,48,male,0,0.001,0,0.004,0,0.692,0.003,0.3,35.65966111,139.7022264,244,34,åé,2019/12/9,3,0,ã{âvç‚
DSC02836,1,19,male,0,0,0,0,0.004,0.991,0.001,0.004,35.65966028,139.7023047,84,34,åé,2019/12/9,3,0,ã{âvç‚
DSC02837,1,17,female,0.001,0,0,0,0.894,0.002,0.101,0.002,35.65961278,139.7024361,157,105,åé,2019/12/9,3,0,ã{âvç‚
DSC02838,1,24,female,0,0,0,0,0,0.81,0.189,0,35.65972556,139.7023858,169,32,åé,2019/12/9,3,0,ã{âvç‚
DSC02839,1,14,male,0,0,0,0,0.001,0.99,0.008,0.001,35.65974861,139.7023917,239,32,åé,2019/12/9,3,0,ã{âvç‚
DSC02840,1,12,female,0,0,0,0,0.002,0.987,0.01,0,35.65964556,139.7024325,127,105,åé,2019/12/9,3,0,ã{âvç‚
DSC02842,1,47,male,0,0.001,0,0,0,0.983,0.016,0,35.65960556,139.7023533,137,105,åé,2019/12/9,3,0,ã{âvç‚
DSC02843,1,25,female,0,0,0,0,0.001,0.994,0.001,0.004,35.65962306,139.7023158,78,105,åé,2019/12/9,3,0,ã{âvç‚
DSC02844,1,21,female,0,0,0,0,0.953,0.046,0,0,35.65961472,139.7023178,85,105,åé,2019/12/9,3,0,ã{âvç‚
DSC02845,1,18,male,0.039,0.008,0.211,0,0.271,0.463,0.007,0.001,35.65952028,139.7023458,76,50,åé,2019/12/9,3,0,ã{âvç‚
DSC02846,1,23,female,0,0,0,0,0,0.99,0.002,0.008,35.65951917,139.7022364,392,32,åé,2019/12/9,3,0,ã{âvç‚
DSC02847,1,52,male,0,0.003,0,0.001,0,0.852,0.143,0.001,35.65955556,139.7021086,188,105,åé,2019/12/9,3,0,ã{âvç‚
DSC02848,1,23,male,0.005,0.043,0.004,0.003,0.036,0.809,0.003,0.097,35.65950667,139.7020656,233,34,åé,2019/12/9,3,0,ã{âvç‚
DSC02849,1,41,female,0,0,0,0,0.001,0.993,0,0.006,35.65950528,139.7020789,265,34,åé,2019/12/9,3,0,ã{âvç‚
DSD06139-1218,1,43,male,0,0,0,0,0,0.987,0.012,0,35.65961695,139.7023764,49,35,êÖ,2019/12/18,1,0,ã{âvç‚
DSD06141-1218,1,19,male,0.005,0,0,0,0,0.991,0.004,0,35.65958556,139.7024283,51,35,êÖ,2019/12/18,1,0,ã{âvç‚
DSD06142-1218,1,19,female,0,0,0,0,0.037,0.327,0.636,0,35.65957083,139.7025406,415,35,êÖ,2019/12/18,1,0,ã{âvç‚
DSD06146-1218,1,15,female,0,0.001,0,0,0.053,0.945,0.001,0,35.65953833,139.7026669,65,35,êÖ,2019/12/18,1,0,ã{âvç‚
DSD06147-1218,1,21,female,0.002,0.021,0,0,0.022,0.915,0.04,0,35.6594675,139.7027803,174,35,êÖ,2019/12/18,1,0,ã{âvç‚
DSD06149-1218,1,24,male,0,0,0,0,1,0,0,0,35.65964889,139.7023428,47,35,êÖ,2019/12/18,1,0,ã{âvç‚
DSD06150-1218,1,30,female,0,0,0,0,0,0.999,0.001,0,35.65953778,139.7023639,38,35,êÖ,2019/12/18,1,0,ã{âvç‚
DSD06151-1218,1,18,female,0,0,0,0,0,0.731,0.269,0,35.65942167,139.7021336,180,35,êÖ,2019/12/18,1,0,ã{âvç‚
DSD06152-1218,1,25,male,0.004,0.004,0.001,0.001,0.022,0.96,0.004,0.005,35.65940445,139.7021758,196,35,êÖ,2019/12/18,1,0,ã{âvç‚
DSD06156-1218,1,21,female,0,0,0,0,1,0,0,0,35.65943306,139.7021586,205,35,êÖ,2019/12/18,1,0,ã{âvç‚
DSD06232-1218,1,23,female,0,0,0,0,0.001,0.997,0.002,0,35.65971445,139.702225,52,35,êÖ,2019/12/18,2,0,ã{âvç‚
DSD06233-1218,1,17,male,0,0,0,0,0,0.997,0.002,0.001,35.65963,139.7023075,49,35,êÖ,2019/12/18,2,0,ã{âvç‚
DSD06234-1218,1,56,male,0,0,0,0,0.001,0.998,0,0.001,35.65955945,139.7023603,51,35,êÖ,2019/12/18,2,0,ã{âvç‚
DSD06235-1218,1,28,male,0,0,0,0,0,0.987,0.012,0,35.65948833,139.7022886,252,35,êÖ,2019/12/18,2,0,ã{âvç‚
DSD06238-1218,1,18,male,0,0,0,0,0,0.998,0.002,0,35.65943667,139.7024636,254,35,êÖ,2019/12/18,2,0,ã{âvç‚
DSD06239-1218,1,22,female,0,0,0,0,0.003,0.995,0.002,0,35.65947667,139.7025019,96,35,êÖ,2019/12/18,2,0,ã{âvç‚
DSD06242-1218,1,26,male,0.001,0,0,0,0,0.783,0.216,0,35.65945695,139.7024778,57,35,êÖ,2019/12/18,2,0,ã{âvç‚
DSD06243-1218,1,44,male,0,0,0,0,0,0.91,0.088,0.001,35.65954667,139.7021747,346,35,êÖ,2019/12/18,2,0,ã{âvç‚
DSD06244-1218,1,18,male,0,0.001,0,0,0.968,0.032,0,0,35.65952556,139.7021856,279,35,êÖ,2019/12/18,2,0,ã{âvç‚
DSD06248-1218,1,19,female,0,0,0,0,0,0.994,0.006,0,35.65949472,139.7024819,36,35,êÖ,2019/12/18,2,0,ã{âvç‚
DSD06250-1218,1,43,male,0.001,0.162,0,0,0,0.825,0.012,0,35.65937528,139.7025486,259,35,êÖ,2019/12/18,2,0,ã{âvç‚
DSD06253-1218,1,46,male,0,0.001,0,0,0.003,0.605,0.391,0,35.65947508,139.7026478,37,35,êÖ,2019/12/18,2,0,ã{âvç‚
DSD06254-1218,1,45,female,0,0,0,0,0,0.993,0.007,0,35.6597106,139.702292,332,35,êÖ,2019/12/18,2,0,ã{âvç‚
DSD06255-1218,1,28,female,0.001,0,0,0,0.788,0.143,0.067,0.001,35.6597106,139.702292,205,35,êÖ,2019/12/18,2,0,ã{âvç‚
A7300222,2,22,male,0,0,0,0,0,1,0,0,35.65961083,139.7022903,68,70,ì˙,2019/12/8,1,1,ã{âvç‚
A7300223,2,34,male,0,0,0,0,0,0.992,0.007,0,35.65961528,139.7023628,57,70,ì˙,2019/12/8,1,1,ã{âvç‚
A7300224,2,42,male,0.001,0.002,0,0,0.001,0.835,0.161,0,35.65951389,139.7022131,77,43,ì˙,2019/12/8,1,1,ã{âvç‚
A7300225,2,24,male,0,0.001,0.001,0,0.136,0.175,0.002,0.684,35.659825,139.7022933,54,70,ì˙,2019/12/8,1,1,ã{âvç‚
A7300227,2,24,female,0,0,0,0,1,0,0,0,35.65977528,139.70232,58,49,ì˙,2019/12/8,1,1,ã{âvç‚
A7300228,2,34,male,0,0.008,0,0,0.832,0.158,0.001,0,35.65941583,139.7022667,97,62,ì˙,2019/12/8,1,1,ã{âvç‚
A7300229,2,31,female,0.001,0.002,0.017,0.001,0,0.667,0.309,0.002,35.65973722,139.7025075,117,69,ì˙,2019/12/8,1,1,ã{âvç‚
A7300230,2,32,male,0,0,0,0,0,0.986,0.014,0,35.65970222,139.7025433,124,70,ì˙,2019/12/8,1,1,ã{âvç‚
A7300231,2,24,male,0.001,0.001,0,0,0.222,0.772,0.004,0,35.6596925,139.7025483,55,70,ì˙,2019/12/8,1,1,ã{âvç‚
A7300232,2,22,male,0,0,0,0,0,0.991,0.002,0.008,35.65972889,139.7025378,46,70,ì˙,2019/12/8,1,1,ã{âvç‚
A7300233,2,22,male,0,0,0,0,1,0,0,0,35.65976528,139.7024314,86,70,ì˙,2019/12/8,1,1,ã{âvç‚
A7300237,2,23,female,0,0,0,0,0,0.809,0.191,0,35.65949306,139.7025264,106,70,ì˙,2019/12/8,1,1,ã{âvç‚
A7300240,2,45,male,0,0.054,0,0,0,0.934,0.012,0,35.65945806,139.7026058,98,36,ì˙,2019/12/8,1,1,ã{âvç‚
A7300241,2,63,male,0,0.002,0,0,0,0.426,0.573,0,35.65945806,139.7026058,119,36,ì˙,2019/12/8,1,1,ã{âvç‚
A7300242,2,20,male,0.004,0.004,0.005,0.001,0.011,0.8,0.005,0.171,35.65949083,139.7026536,285,35,ì˙,2019/12/8,1,1,ã{âvç‚
A7300243,2,18,female,0,0,0,0,0.001,0.994,0.005,0,35.65952778,139.7026356,71,35,ì˙,2019/12/8,1,1,ã{âvç‚
A7300244,2,18,male,0.001,0,0,0,0,0.947,0.047,0.004,35.65955778,139.7026233,489,35,ì˙,2019/12/8,1,1,ã{âvç‚
A7300246,2,25,male,0.001,0.005,0,0,0,0.99,0.004,0,35.65957861,139.7024608,151,35,ì˙,2019/12/8,1,1,ã{âvç‚
A7300247,2,18,female,0,0,0,0,0.982,0.018,0,0,35.65958472,139.7024064,402,35,ì˙,2019/12/8,1,1,ã{âvç‚
A7300248,2,23,female,0.002,0.013,0.003,0,0.032,0.933,0.016,0,35.65958556,139.7023308,88,35,ì˙,2019/12/8,1,1,ã{âvç‚
A7300250,2,54,male,0,0.055,0,0,0.396,0.546,0.003,0,35.65948945,139.7023661,106,34,ì˙,2019/12/8,1,1,ã{âvç‚
A7300252,2,29,male,0,0,0,0,0.001,0.997,0.001,0.001,35.65942222,139.7022692,93,34,ì˙,2019/12/8,1,1,ã{âvç‚
A7300254,2,32,male,0,0.002,0,0,0.001,0.957,0.04,0,35.65968222,139.7024117,82,40,ì˙,2019/12/8,1,1,ã{âvç‚
A7300255,2,21,male,0,0,0,0,1,0,0,0,35.65964583,139.7025383,307,40,ì˙,2019/12/8,1,1,ã{âvç‚
A7300257,2,28,male,0,0,0,0,0,0.999,0.001,0,35.65962972,139.7027161,203,40,ì˙,2019/12/8,1,1,ã{âvç‚
DSC01538,2,26,male,0,0,0,0,0,0.977,0.001,0.022,35.65933083,139.7021056,79,46,ìy,2019/12/7,2,1,ã{âvç‚
DSC01539,2,22,female,0,0,0,0.001,0,0.986,0.001,0.013,35.65938306,139.7022214,99,105,ìy,2019/12/7,2,1,ã{âvç‚
DSC01540,2,57,male,0,0,0,0,0,0.989,0,0.011,35.65940556,139.7022283,100,105,ìy,2019/12/7,2,1,ã{âvç‚
DSC01541,2,50,female,0,0,0,0,0,0.988,0.011,0,35.65944,139.7023428,139,35,ìy,2019/12/7,2,1,ã{âvç‚
DSC01542,2,17,female,0.001,0,0,0.006,0.001,0.882,0.004,0.106,35.65944195,139.7024094,206,35,ìy,2019/12/7,2,1,ã{âvç‚
DSC01543,2,24,male,0.001,0.002,0.005,0,0.595,0.396,0.001,0,35.65947111,139.7024722,286,35,ìy,2019/12/7,2,1,ã{âvç‚
DSC01545,2,61,male,0,0,0,0,0.916,0.081,0.002,0,35.65948945,139.7025236,94,54,ìy,2019/12/7,2,1,ã{âvç‚
DSC01547,2,23,female,0,0,0,0,0,0.997,0.001,0.001,35.65948972,139.7024911,85,105,ìy,2019/12/7,2,1,ã{âvç‚
DSC01548,2,20,male,0,0,0,0,0,0.998,0.001,0,35.65949889,139.7024764,394,40,ìy,2019/12/7,2,1,ã{âvç‚
DSC01549,2,36,female,0,0.001,0,0,0,0.953,0.046,0,35.65949556,139.7024725,188,36,ìy,2019/12/7,2,1,ã{âvç‚
DSC01550,2,31,female,0,0,0,0,0,0.924,0.075,0,35.65949556,139.7024725,222,36,ìy,2019/12/7,2,1,ã{âvç‚
DSC01551,2,27,male,0,0.001,0,0,0,0.99,0.009,0,35.65950306,139.7024997,218,36,ìy,2019/12/7,2,1,ã{âvç‚
DSC01552,2,29,female,0,0,0,0,0,0.998,0.002,0,35.65957889,139.7024581,97,78,ìy,2019/12/7,2,1,ã{âvç‚
DSC01553,2,24,male,0,0,0,0.002,0,0.972,0.003,0.023,35.65957222,139.7024383,73,105,ìy,2019/12/7,2,1,ã{âvç‚
DSC01554,2,22,female,0,0.001,0,0,0.003,0.98,0.016,0,35.65957306,139.7023675,124,105,ìy,2019/12/7,2,1,ã{âvç‚
DSC01555,2,18,female,0,0,0,0,0,0.999,0.001,0,35.65965417,139.7022722,125,35,ìy,2019/12/7,2,1,ã{âvç‚
DSC01556,2,25,female,0,0,0,0,0.986,0.014,0,0,35.65962667,139.7022419,465,35,ìy,2019/12/7,2,1,ã{âvç‚
DSC01557,2,24,female,0.122,0.005,0.064,0,0.167,0.631,0.01,0.001,35.65957611,139.7022458,238,35,ìy,2019/12/7,2,1,ã{âvç‚
DSC01558,2,45,male,0.001,0.001,0,0,0.001,0.995,0.002,0.001,35.659495,139.7022114,75,40,ìy,2019/12/7,2,1,ã{âvç‚
DSC01559,2,41,male,0.001,0.001,0.001,0,0.061,0.934,0.001,0,35.65951778,139.7023608,84,70,ìy,2019/12/7,2,1,ã{âvç‚
DSC01561,2,18,female,0,0,0,0,0,0.884,0.115,0,35.65950195,139.7023331,222,36,ìy,2019/12/7,2,1,ã{âvç‚
DSC02554,2,59,male,0,0,0,0,0,0.996,0.004,0,35.65942583,139.7020283,72,39,ì˙,2019/12/8,3,1,ã{âvç‚
DSC02555,2,13,female,0,0,0,0.002,0,0.927,0.004,0.067,35.65942445,139.7020414,65,39,ì˙,2019/12/8,3,1,ã{âvç‚
DSC02557,2,8,male,0,0,0,0,0,0.99,0.006,0.004,35.65947195,139.7021653,92,105,ì˙,2019/12/8,3,1,ã{âvç‚
DSC02558,2,43,male,0.001,0.001,0,0,0,0.991,0.007,0,35.659505,139.7021236,309,55,ì˙,2019/12/8,3,1,ã{âvç‚
DSC02560,2,26,female,0,0,0,0,0,0.987,0.001,0.012,35.65956333,139.7021744,74,105,ì˙,2019/12/8,3,1,ã{âvç‚
DSC02562,2,24,female,0,0,0,0,0.171,0.828,0.001,0,35.65956889,139.7022017,97,105,ì˙,2019/12/8,3,1,ã{âvç‚
DSC02563,2,20,female,0,0,0,0,0,0.999,0,0,35.65950611,139.7021767,94,105,ì˙,2019/12/8,3,1,ã{âvç‚
DSC02564,2,28,male,0.015,0.001,0.003,0,0.161,0.818,0.002,0.001,35.65947028,139.7021539,78,105,ì˙,2019/12/8,3,1,ã{âvç‚
DSC02565,2,23,female,0,0,0,0,0.036,0.962,0.001,0,35.65949611,139.7022667,89,66,ì˙,2019/12/8,3,1,ã{âvç‚
DSC02566,2,23,female,0,0,0,0,0,0.989,0.001,0.01,35.65952417,139.7024142,198,35,ì˙,2019/12/8,3,1,ã{âvç‚
DSC02567,2,39,female,0,0.003,0.001,0,0.169,0.822,0.003,0.001,35.65952889,139.7024717,260,35,ì˙,2019/12/8,3,1,ã{âvç‚
DSC02568,2,32,male,0,0,0,0,0,0.997,0.002,0.001,35.65947417,139.7023469,67,105,ì˙,2019/12/8,3,1,ã{âvç‚
DSC02569,2,19,female,0,0,0,0,0,0.999,0.001,0,35.65945,139.7023339,150,105,ì˙,2019/12/8,3,1,ã{âvç‚
DSC02571,2,41,female,0,0,0,0,0.105,0.003,0.892,0,35.65955306,139.70243,234,46,ì˙,2019/12/8,3,1,ã{âvç‚
DSC02574,2,24,female,0.001,0,0,0,0.002,0.983,0.002,0.012,35.65945611,139.7024231,91,105,ì˙,2019/12/8,3,1,ã{âvç‚
DSC02833,2,25,female,0,0,0,0,0,0.318,0,0.682,35.65947361,139.7021044,81,105,åé,2019/12/9,3,0,ã{âvç‚
DSC02834,2,23,female,0,0,0,0,0,0.999,0,0.001,35.65951333,139.7021253,98,105,åé,2019/12/9,3,0,ã{âvç‚
DSC02835,2,20,female,0,0,0,0,0.02,0.972,0.001,0.006,35.65966111,139.7022264,192,34,åé,2019/12/9,3,0,ã{âvç‚
DSC02837,2,18,female,0,0.214,0.001,0.001,0.264,0.452,0.001,0.067,35.65961278,139.7024361,156,105,åé,2019/12/9,3,0,ã{âvç‚
DSC02839,2,22,female,0,0,0,0,0,0.995,0.005,0,35.65974861,139.7023917,201,32,åé,2019/12/9,3,0,ã{âvç‚
DSC02840,2,20,female,0.001,0.001,0,0.004,0,0.851,0.003,0.14,35.65964556,139.7024325,102,105,åé,2019/12/9,3,0,ã{âvç‚
DSC02842,2,41,male,0,0,0,0.001,0,0.919,0.077,0.003,35.65960556,139.7023533,129,105,åé,2019/12/9,3,0,ã{âvç‚
DSC02843,2,22,female,0,0,0,0.008,0,0.824,0.011,0.156,35.65962306,139.7023158,77,105,åé,2019/12/9,3,0,ã{âvç‚
DSC02844,2,35,female,0.001,0.003,0,0.001,0.001,0.955,0.039,0,35.65961472,139.7023178,83,105,åé,2019/12/9,3,0,ã{âvç‚
DSC02845,2,49,male,0,0.004,0,0,0.002,0.991,0.003,0,35.65952028,139.7023458,69,50,åé,2019/12/9,3,0,ã{âvç‚
DSC02846,2,24,female,0,0,0,0,0.001,0.989,0.009,0.001,35.65951917,139.7022364,223,32,åé,2019/12/9,3,0,ã{âvç‚
DSC02847,2,33,male,0,0,0,0.001,0,0.973,0.002,0.024,35.65955556,139.7021086,161,105,åé,2019/12/9,3,0,ã{âvç‚
DSC02849,2,23,female,0.001,0.001,0,0,0.001,0.985,0.012,0,35.65950528,139.7020789,263,34,åé,2019/12/9,3,0,ã{âvç‚
DSD06139-1218,2,27,male,0,0,0,0,0.02,0.978,0.002,0,35.65961695,139.7023764,49,35,êÖ,2019/12/18,1,0,ã{âvç‚
DSD06141-1218,2,25,female,0.003,0,0,0,0.002,0.994,0,0,35.65958556,139.7024283,46,35,êÖ,2019/12/18,1,0,ã{âvç‚
DSD06142-1218,2,18,female,0.013,0.008,0.019,0.001,0.569,0.338,0.052,0.001,35.65957083,139.7025406,210,35,êÖ,2019/12/18,1,0,ã{âvç‚
DSD06146-1218,2,24,female,0,0,0,0,0.001,0.993,0.006,0,35.65953833,139.7026669,59,35,êÖ,2019/12/18,1,0,ã{âvç‚
DSD06147-1218,2,32,male,0,0,0,0,0,0.907,0.093,0,35.6594675,139.7027803,134,35,êÖ,2019/12/18,1,0,ã{âvç‚
DSD06149-1218,2,25,male,0,0.001,0,0,0.989,0.01,0,0,35.65964889,139.7023428,46,35,êÖ,2019/12/18,1,0,ã{âvç‚
DSD06150-1218,2,53,female,0.002,0,0.001,0.147,0.001,0.059,0.007,0.784,35.65953778,139.7023639,38,35,êÖ,2019/12/18,1,0,ã{âvç‚
DSD06152-1218,2,24,female,0,0,0,0,1,0,0,0,35.65940445,139.7021758,176,35,êÖ,2019/12/18,1,0,ã{âvç‚
DSD06155-1218,2,22,female,0,0,0,0,0,0.884,0.115,0,35.65938556,139.7022328,58,35,êÖ,2019/12/18,1,0,ã{âvç‚
DSD06232-1218,2,30,male,0,0,0,0,0,0.99,0.01,0,35.65971445,139.702225,51,35,êÖ,2019/12/18,2,0,ã{âvç‚
DSD06233-1218,2,16,male,0,0,0,0,0,0.999,0.001,0,35.65963,139.7023075,48,35,êÖ,2019/12/18,2,0,ã{âvç‚
DSD06234-1218,2,29,male,0,0,0,0,0.008,0.991,0,0,35.65955945,139.7023603,42,35,êÖ,2019/12/18,2,0,ã{âvç‚
DSD06235-1218,2,19,female,0,0,0,0.001,0,0.975,0.001,0.023,35.65948833,139.7022886,243,35,êÖ,2019/12/18,2,0,ã{âvç‚
DSD06238-1218,2,20,male,0,0,0,0,0,0.989,0.002,0.009,35.65943667,139.7024636,177,35,êÖ,2019/12/18,2,0,ã{âvç‚
DSD06239-1218,2,20,female,0,0,0,0,0.013,0.982,0.001,0.005,35.65947667,139.7025019,89,35,êÖ,2019/12/18,2,0,ã{âvç‚
DSD06241-1218,2,58,male,0,0,0,0,0,0.932,0,0.067,35.65944139,139.7025375,48,35,êÖ,2019/12/18,2,0,ã{âvç‚
DSD06242-1218,2,26,male,0.004,0.002,0,0,0,0.987,0.006,0.001,35.65945695,139.7024778,49,35,êÖ,2019/12/18,2,0,ã{âvç‚
DSD06243-1218,2,53,female,0,0.001,0,0,0.003,0.854,0.142,0,35.65954667,139.7021747,281,35,êÖ,2019/12/18,2,0,ã{âvç‚
DSD06244-1218,2,19,male,0,0,0,0,0.991,0.005,0,0.003,35.65952556,139.7021856,269,35,êÖ,2019/12/18,2,0,ã{âvç‚
DSD06250-1218,2,61,female,0,0,0,0,0.007,0.854,0.137,0.001,35.65937528,139.7025486,251,35,êÖ,2019/12/18,2,0,ã{âvç‚
DSD06251-1218,2,56,female,0,0.001,0,0,0,0.846,0.154,0,35.65946945,139.7025042,126,35,êÖ,2019/12/18,2,0,ã{âvç‚
DSD06254-1218,2,19,female,0,0,0,0,0,0.937,0.063,0,35.6597106,139.702292,259,35,êÖ,2019/12/18,2,0,ã{âvç‚
DSD06255-1218,2,62,male,0,0,0,0,0,0.994,0.006,0,35.6597106,139.702292,196,35,êÖ,2019/12/18,2,0,ã{âvç‚
A7300222,3,63,male,0.01,0.001,0,0,0,0.981,0.008,0,35.65961083,139.7022903,67,70,ì˙,2019/12/8,1,1,ã{âvç‚
A7300223,3,20,female,0,0,0,0,0,0.994,0.006,0,35.65961528,139.7023628,56,70,ì˙,2019/12/8,1,1,ã{âvç‚
A7300225,3,40,female,0,0,0,0,0,0.953,0.04,0.007,35.659825,139.7022933,53,70,ì˙,2019/12/8,1,1,ã{âvç‚
A7300227,3,33,male,0,0,0,0,0,0.997,0.001,0.001,35.65977528,139.70232,56,49,ì˙,2019/12/8,1,1,ã{âvç‚
A7300228,3,40,male,0,0,0,0,0,0.849,0.151,0,35.65941583,139.7022667,90,62,ì˙,2019/12/8,1,1,ã{âvç‚
A7300229,3,31,female,0,0,0,0,0.996,0.004,0,0,35.65973722,139.7025075,115,69,ì˙,2019/12/8,1,1,ã{âvç‚
A7300230,3,34,male,0,0,0.001,0.005,0.001,0.872,0.034,0.087,35.65970222,139.7025433,121,70,ì˙,2019/12/8,1,1,ã{âvç‚
A7300231,3,24,male,0,0.001,0,0,0.001,0.958,0.039,0.001,35.6596925,139.7025483,48,70,ì˙,2019/12/8,1,1,ã{âvç‚
A7300232,3,42,female,0,0,0,0,0,0.952,0.047,0,35.65972889,139.7025378,45,70,ì˙,2019/12/8,1,1,ã{âvç‚
A7300233,3,24,male,0,0,0.003,0.004,0,0.038,0.003,0.952,35.65976528,139.7024314,85,70,ì˙,2019/12/8,1,1,ã{âvç‚
A7300234,3,22,female,0.125,0,0.003,0,0,0.004,0,0.867,35.65946889,139.7025008,74,70,ì˙,2019/12/8,1,1,ã{âvç‚
A7300237,3,20,female,0,0,0,0,0,0.929,0.071,0,35.65949306,139.7025264,104,70,ì˙,2019/12/8,1,1,ã{âvç‚
A7300238,3,56,male,0,0,0,0,0,0.994,0.006,0,35.65952583,139.7025669,61,70,ì˙,2019/12/8,1,1,ã{âvç‚
A7300240,3,67,male,0,0.01,0,0,0,0.781,0.209,0,35.65945806,139.7026058,90,36,ì˙,2019/12/8,1,1,ã{âvç‚
A7300241,3,33,female,0,0.001,0,0,0,0.997,0.002,0,35.65945806,139.7026058,92,36,ì˙,2019/12/8,1,1,ã{âvç‚
A7300242,3,15,female,0.005,0.001,0,0,0.004,0.985,0.004,0,35.65949083,139.7026536,135,35,ì˙,2019/12/8,1,1,ã{âvç‚
A7300243,3,21,female,0,0.001,0,0,0.153,0.844,0.001,0,35.65952778,139.7026356,48,35,ì˙,2019/12/8,1,1,ã{âvç‚
A7300244,3,19,female,0.008,0.002,0.014,0,0.023,0.93,0.023,0.001,35.65955778,139.7026233,238,35,ì˙,2019/12/8,1,1,ã{âvç‚
A7300246,3,30,female,0,0.008,0,0,0,0.529,0.463,0,35.65957861,139.7024608,138,35,ì˙,2019/12/8,1,1,ã{âvç‚
A7300247,3,20,female,0,0,0,0,0,0.981,0.019,0,35.65958472,139.7024064,288,35,ì˙,2019/12/8,1,1,ã{âvç‚
A7300250,3,25,female,0,0.078,0,0,0.001,0.867,0.054,0,35.65948945,139.7023661,104,34,ì˙,2019/12/8,1,1,ã{âvç‚
A7300252,3,18,female,0.001,0,0.002,0,0.866,0.118,0.011,0.001,35.65942222,139.7022692,90,34,ì˙,2019/12/8,1,1,ã{âvç‚
A7300254,3,53,male,0,0,0,0.001,0,0.985,0.003,0.012,35.65968222,139.7024117,78,40,ì˙,2019/12/8,1,1,ã{âvç‚
A7300255,3,17,female,0,0.004,0,0,0.001,0.912,0.083,0,35.65964583,139.7025383,300,40,ì˙,2019/12/8,1,1,ã{âvç‚
A7300257,3,18,male,0,0,0,0,0.987,0.012,0,0,35.65962972,139.7027161,182,40,ì˙,2019/12/8,1,1,ã{âvç‚
DSC01538,3,45,female,0,0,0,0,0.998,0.001,0.001,0,35.65933083,139.7021056,62,46,ìy,2019/12/7,2,1,ã{âvç‚
DSC01539,3,18,female,0,0.017,0,0,0.028,0.953,0.001,0,35.65938306,139.7022214,94,105,ìy,2019/12/7,2,1,ã{âvç‚
DSC01540,3,22,male,0,0,0,0,0.002,0.995,0.003,0,35.65940556,139.7022283,82,105,ìy,2019/12/7,2,1,ã{âvç‚
DSC01541,3,20,male,0,0,0,0,0,0.999,0.001,0,35.65944,139.7023428,93,35,ìy,2019/12/7,2,1,ã{âvç‚
DSC01542,3,22,female,0,0,0,0,0.187,0.809,0,0.003,35.65944195,139.7024094,199,35,ìy,2019/12/7,2,1,ã{âvç‚
DSC01543,3,21,female,0,0,0,0,1,0,0,0,35.65947111,139.7024722,127,35,ìy,2019/12/7,2,1,ã{âvç‚
DSC01545,3,18,male,0,0,0,0,0,0.001,0,0.999,35.65948945,139.7025236,92,54,ìy,2019/12/7,2,1,ã{âvç‚
DSC01547,3,45,female,0,0,0,0,0.006,0.991,0.002,0,35.65948972,139.7024911,82,105,ìy,2019/12/7,2,1,ã{âvç‚
DSC01548,3,22,male,0,0,0,0,0,0.996,0.004,0,35.65949889,139.7024764,370,40,ìy,2019/12/7,2,1,ã{âvç‚
DSC01549,3,20,female,0,0,0,0,0,0.998,0.001,0,35.65949556,139.7024725,105,36,ìy,2019/12/7,2,1,ã{âvç‚
DSC01550,3,21,male,0.007,0.001,0,0.001,0.009,0.913,0.001,0.068,35.65949556,139.7024725,112,36,ìy,2019/12/7,2,1,ã{âvç‚
DSC01552,3,25,male,0,0,0,0.025,0,0.129,0.001,0.845,35.65957889,139.7024581,97,78,ìy,2019/12/7,2,1,ã{âvç‚
DSC01553,3,18,female,0,0,0,0,0.001,0.973,0.001,0.025,35.65957222,139.7024383,72,105,ìy,2019/12/7,2,1,ã{âvç‚
DSC01554,3,22,male,0,0,0,0,0,0.956,0.002,0.041,35.65957306,139.7023675,121,105,ìy,2019/12/7,2,1,ã{âvç‚
DSC01555,3,23,female,0,0,0,0,0,0.998,0.002,0,35.65965417,139.7022722,106,35,ìy,2019/12/7,2,1,ã{âvç‚
DSC01556,3,13,female,0,0,0,0,0,0.897,0,0.102,35.65962667,139.7022419,113,35,ìy,2019/12/7,2,1,ã{âvç‚
DSC01558,3,51,male,0,0,0,0,0,0.986,0,0.014,35.659495,139.7022114,71,40,ìy,2019/12/7,2,1,ã{âvç‚
DSC01559,3,22,female,0,0,0,0,0.924,0.067,0,0.008,35.65951778,139.7023608,79,70,ìy,2019/12/7,2,1,ã{âvç‚
DSC01561,3,25,female,0,0,0,0,0,1,0,0,35.65950195,139.7023331,183,36,ìy,2019/12/7,2,1,ã{âvç‚
DSC02554,3,58,male,0,0,0,0,0,0.989,0.01,0,35.65942583,139.7020283,68,39,ì˙,2019/12/8,3,1,ã{âvç‚
DSC02555,3,9,female,0,0,0,0,0.001,0.993,0.002,0.003,35.65942445,139.7020414,66,39,ì˙,2019/12/8,3,1,ã{âvç‚
DSC02557,3,16,female,0,0.001,0,0,0.015,0.982,0.002,0,35.65947195,139.7021653,89,105,ì˙,2019/12/8,3,1,ã{âvç‚
DSC02558,3,14,female,0,0,0,0,0.258,0.736,0.002,0.004,35.659505,139.7021236,229,55,ì˙,2019/12/8,3,1,ã{âvç‚
DSC02560,3,24,female,0,0,0,0,0,0.997,0.002,0,35.65956333,139.7021744,68,105,ì˙,2019/12/8,3,1,ã{âvç‚
DSC02562,3,27,male,0,0.001,0,0,0,0.994,0.004,0,35.65956889,139.7022017,95,105,ì˙,2019/12/8,3,1,ã{âvç‚
DSC02564,3,38,male,0,0,0,0,1,0,0,0,35.65947028,139.7021539,78,105,ì˙,2019/12/8,3,1,ã{âvç‚
DSC02565,3,24,female,0.007,0,0,0,0,0.917,0.075,0,35.65949611,139.7022667,89,66,ì˙,2019/12/8,3,1,ã{âvç‚
DSC02566,3,44,male,0,0,0,0,0,1,0,0,35.65952417,139.7024142,179,35,ì˙,2019/12/8,3,1,ã{âvç‚
DSC02567,3,8,female,0.001,0,0,0,0,0.996,0.003,0,35.65952889,139.7024717,66,35,ì˙,2019/12/8,3,1,ã{âvç‚
DSC02568,3,38,female,0,0,0,0,0.201,0.787,0.009,0.002,35.65947417,139.7023469,60,105,ì˙,2019/12/8,3,1,ã{âvç‚
DSC02569,3,21,male,0.005,0.013,0,0,0,0.982,0,0,35.65945,139.7023339,148,105,ì˙,2019/12/8,3,1,ã{âvç‚
DSC02574,3,39,male,0,0,0,0,0.068,0.931,0.001,0,35.65945611,139.7024231,55,105,ì˙,2019/12/8,3,1,ã{âvç‚
DSC02833,3,22,male,0,0,0,0,0,0.231,0,0.769,35.65947361,139.7021044,77,105,åé,2019/12/9,3,0,ã{âvç‚
DSC02834,3,46,male,0,0,0,0,0,0.992,0.007,0.001,35.65951333,139.7021253,97,105,åé,2019/12/9,3,0,ã{âvç‚
DSC02835,3,16,female,0,0,0,0,0.007,0.991,0,0.002,35.65966111,139.7022264,144,34,åé,2019/12/9,3,0,ã{âvç‚
DSC02837,3,29,male,0.001,0,0,0.003,0.002,0.889,0.006,0.099,35.65961278,139.7024361,152,105,åé,2019/12/9,3,0,ã{âvç‚
DSC02842,3,20,female,0,0,0,0,0,0.998,0.002,0,35.65960556,139.7023533,120,105,åé,2019/12/9,3,0,ã{âvç‚
DSC02843,3,29,male,0,0,0,0,0,0.996,0.003,0.001,35.65962306,139.7023158,76,105,åé,2019/12/9,3,0,ã{âvç‚
DSC02844,3,27,male,0.001,0,0,0.001,0.008,0.891,0.001,0.098,35.65961472,139.7023178,75,105,åé,2019/12/9,3,0,ã{âvç‚
DSC02845,3,26,female,0.004,0,0,0.008,0,0.953,0.018,0.016,35.65952028,139.7023458,68,50,åé,2019/12/9,3,0,ã{âvç‚
DSC02847,3,28,female,0,0,0,0,0,0.971,0.028,0,35.65955556,139.7021086,155,105,åé,2019/12/9,3,0,ã{âvç‚
DSC02849,3,34,female,0.001,0,0,0,0,0.993,0.005,0,35.65950528,139.7020789,137,34,åé,2019/12/9,3,0,ã{âvç‚
DSD06139-1218,3,25,female,0,0,0,0,0,0.996,0.004,0,35.65961695,139.7023764,46,35,êÖ,2019/12/18,1,0,ã{âvç‚
DSD06141-1218,3,24,female,0,0,0,0,0,0.999,0,0.001,35.65958556,139.7024283,45,35,êÖ,2019/12/18,1,0,ã{âvç‚
DSD06142-1218,3,19,female,0,0,0,0,0.002,0.924,0.073,0,35.65957083,139.7025406,208,35,êÖ,2019/12/18,1,0,ã{âvç‚
DSD06146-1218,3,23,female,0,0,0,0,0,0.962,0.038,0,35.65953833,139.7026669,59,35,êÖ,2019/12/18,1,0,ã{âvç‚
DSD06147-1218,3,41,female,0,0,0,0,0,1,0,0,35.6594675,139.7027803,100,35,êÖ,2019/12/18,1,0,ã{âvç‚
DSD06149-1218,3,58,male,0,0,0,0.004,0,0.309,0,0.687,35.65964889,139.7023428,43,35,êÖ,2019/12/18,1,0,ã{âvç‚
DSD06151-1218,3,18,female,0,0.001,0.001,0,0.486,0.496,0.015,0.001,35.65942167,139.7021336,125,35,êÖ,2019/12/18,1,0,ã{âvç‚
DSD06152-1218,3,22,female,0,0,0,0,0,0.985,0.015,0,35.65940445,139.7021758,172,35,êÖ,2019/12/18,1,0,ã{âvç‚
DSD06155-1218,3,18,male,0.007,0.01,0.023,0,0.005,0.417,0.538,0,35.65938556,139.7022328,56,35,êÖ,2019/12/18,1,0,ã{âvç‚
DSD06232-1218,3,35,male,0,0,0,0,0,1,0,0,35.65971445,139.702225,50,35,êÖ,2019/12/18,2,0,ã{âvç‚
DSD06233-1218,3,54,male,0,0,0,0,0,0.999,0.001,0,35.65963,139.7023075,46,35,êÖ,2019/12/18,2,0,ã{âvç‚
DSD06234-1218,3,26,female,0,0,0,0,0.09,0.909,0.001,0,35.65955945,139.7023603,38,35,êÖ,2019/12/18,2,0,ã{âvç‚
DSD06238-1218,3,21,male,0,0,0,0,0,0.984,0.013,0.002,35.65943667,139.7024636,157,35,êÖ,2019/12/18,2,0,ã{âvç‚
DSD06239-1218,3,17,male,0,0,0,0,0.9,0.1,0,0,35.65947667,139.7025019,80,35,êÖ,2019/12/18,2,0,ã{âvç‚
DSD06241-1218,3,40,male,0,0,0,0,0,0.417,0,0.582,35.65944139,139.7025375,36,35,êÖ,2019/12/18,2,0,ã{âvç‚
DSD06242-1218,3,17,female,0,0,0,0,0.003,0.992,0.005,0,35.65945695,139.7024778,43,35,êÖ,2019/12/18,2,0,ã{âvç‚
DSD06245-1218,3,36,male,0,0,0,0,0,0.919,0.08,0,35.65953889,139.7022744,54,35,êÖ,2019/12/18,2,0,ã{âvç‚
DSD06250-1218,3,16,female,0,0.001,0,0,0.506,0.491,0.002,0,35.65937528,139.7025486,234,35,êÖ,2019/12/18,2,0,ã{âvç‚
DSD06251-1218,3,18,female,0,0,0,0,0,0.988,0.012,0,35.65946945,139.7025042,104,35,êÖ,2019/12/18,2,0,ã{âvç‚
DSD06254-1218,3,22,female,0,0,0,0,0,0.987,0.013,0,35.6597106,139.702292,245,35,êÖ,2019/12/18,2,0,ã{âvç‚
DSD06255-1218,3,36,female,0,0,0,0,0,0.997,0.003,0,35.6597106,139.702292,130,35,êÖ,2019/12/18,2,0,ã{âvç‚
A7300222,4,25,female,0.001,0.118,0.001,0,0.007,0.848,0.024,0.001,35.65961083,139.7022903,62,70,ì˙,2019/12/8,1,1,ã{âvç‚
A7300223,4,35,male,0,0,0,0,0.001,0.902,0.096,0,35.65961528,139.7023628,56,70,ì˙,2019/12/8,1,1,ã{âvç‚
A7300224,4,24,female,0,0.005,0,0,0,0.987,0.006,0.002,35.65951389,139.7022131,70,43,ì˙,2019/12/8,1,1,ã{âvç‚
A7300225,4,27,male,0,0.001,0,0.008,0.001,0.874,0.09,0.027,35.659825,139.7022933,53,70,ì˙,2019/12/8,1,1,ã{âvç‚
A7300227,4,29,female,0,0.003,0,0,0,0.991,0.005,0,35.65977528,139.70232,56,49,ì˙,2019/12/8,1,1,ã{âvç‚
A7300228,4,20,male,0,0,0,0,0,0.913,0.086,0.001,35.65941583,139.7022667,88,62,ì˙,2019/12/8,1,1,ã{âvç‚
A7300229,4,32,male,0,0,0,0,1,0,0,0,35.65973722,139.7025075,111,69,ì˙,2019/12/8,1,1,ã{âvç‚
A7300230,4,26,male,0.001,0.025,0,0,0.036,0.937,0.002,0,35.65970222,139.7025433,117,70,ì˙,2019/12/8,1,1,ã{âvç‚
A7300231,4,21,male,0.125,0,0.002,0,0.021,0.846,0.004,0.001,35.6596925,139.7025483,44,70,ì˙,2019/12/8,1,1,ã{âvç‚
A7300232,4,26,male,0,0,0,0,0,0.995,0.002,0.003,35.65972889,139.7025378,45,70,ì˙,2019/12/8,1,1,ã{âvç‚
A7300233,4,22,male,0,0.001,0,0,0.176,0.801,0.022,0,35.65976528,139.7024314,80,70,ì˙,2019/12/8,1,1,ã{âvç‚
A7300234,4,46,female,0,0,0,0,0,0.998,0.002,0,35.65946889,139.7025008,71,70,ì˙,2019/12/8,1,1,ã{âvç‚
A7300235,4,29,male,0,0,0,0,0,0.977,0.023,0,35.65947417,139.702495,53,70,ì˙,2019/12/8,1,1,ã{âvç‚
A7300236,4,24,male,0.05,0.001,0.005,0,0,0.938,0.005,0.001,35.65947417,139.702495,62,70,ì˙,2019/12/8,1,1,ã{âvç‚
A7300237,4,24,male,0,0,0,0,0.012,0.983,0,0.004,35.65949306,139.7025264,99,70,ì˙,2019/12/8,1,1,ã{âvç‚
A7300238,4,48,male,0,0,0,0,0,0.99,0.01,0,35.65952583,139.7025669,60,70,ì˙,2019/12/8,1,1,ã{âvç‚
A7300239,4,58,male,0,0.005,0,0,0,0.976,0.018,0,35.65952889,139.7025656,58,70,ì˙,2019/12/8,1,1,ã{âvç‚
A7300240,4,23,female,0,0,0,0,0,0.407,0.592,0,35.65945806,139.7026058,76,36,ì˙,2019/12/8,1,1,ã{âvç‚
A7300241,4,22,female,0,0,0,0,0,0.649,0.351,0,35.65945806,139.7026058,81,36,ì˙,2019/12/8,1,1,ã{âvç‚
A7300242,4,18,female,0,0.001,0,0,0,0.86,0.139,0,35.65949083,139.7026536,107,35,ì˙,2019/12/8,1,1,ã{âvç‚
A7300245,4,37,female,0,0,0,0,0.004,0.976,0.02,0,35.65959639,139.7026206,36,34,ì˙,2019/12/8,1,1,ã{âvç‚
A7300246,4,59,male,0,0.001,0,0,0.001,0.903,0.095,0,35.65957861,139.7024608,109,35,ì˙,2019/12/8,1,1,ã{âvç‚
A7300247,4,24,male,0,0,0,0,0,0.999,0.001,0,35.65958472,139.7024064,264,35,ì˙,2019/12/8,1,1,ã{âvç‚
A7300250,4,26,female,0,0,0,0,0,0.729,0.269,0,35.65948945,139.7023661,94,34,ì˙,2019/12/8,1,1,ã{âvç‚
A7300252,4,18,female,0.001,0.001,0,0,0,0.97,0.028,0,35.65942222,139.7022692,75,34,ì˙,2019/12/8,1,1,ã{âvç‚
A7300254,4,23,female,0,0,0,0,0,0.997,0.003,0,35.65968222,139.7024117,68,40,ì˙,2019/12/8,1,1,ã{âvç‚
A7300255,4,27,female,0,0.001,0,0,0,0.951,0.049,0,35.65964583,139.7025383,238,40,ì˙,2019/12/8,1,1,ã{âvç‚
A7300257,4,37,female,0,0,0,0,0.549,0.442,0.001,0.007,35.65962972,139.7027161,129,40,ì˙,2019/12/8,1,1,ã{âvç‚
DSC01538,4,28,female,0,0,0,0,0.408,0.591,0,0,35.65933083,139.7021056,60,46,ìy,2019/12/7,2,1,ã{âvç‚
DSC01539,4,17,male,0,0.001,0,0.001,0,0.87,0,0.126,35.65938306,139.7022214,93,105,ìy,2019/12/7,2,1,ã{âvç‚
DSC01540,4,20,female,0,0,0,0,0.003,0.995,0.001,0.001,35.65940556,139.7022283,80,105,ìy,2019/12/7,2,1,ã{âvç‚
DSC01541,4,23,female,0,0,0,0,0,0.999,0,0.001,35.65944,139.7023428,77,35,ìy,2019/12/7,2,1,ã{âvç‚
DSC01542,4,21,female,0.002,0.005,0,0,0.093,0.885,0.003,0.012,35.65944195,139.7024094,156,35,ìy,2019/12/7,2,1,ã{âvç‚
DSC01543,4,23,male,0,0,0,0,0,0.997,0.003,0,35.65947111,139.7024722,112,35,ìy,2019/12/7,2,1,ã{âvç‚
DSC01545,4,23,female,0.001,0,0,0,0,0.863,0,0.135,35.65948945,139.7025236,91,54,ìy,2019/12/7,2,1,ã{âvç‚
DSC01546,4,25,male,0.042,0,0.003,0.001,0.001,0.915,0.003,0.035,35.65948778,139.7025042,77,105,ìy,2019/12/7,2,1,ã{âvç‚
DSC01547,4,25,female,0,0,0,0,0.332,0.666,0.001,0.001,35.65948972,139.7024911,81,105,ìy,2019/12/7,2,1,ã{âvç‚
DSC01548,4,20,female,0,0,0,0,0.001,0.941,0.057,0.001,35.65949889,139.7024764,210,40,ìy,2019/12/7,2,1,ã{âvç‚
DSC01550,4,18,female,0,0.001,0,0,0,0.911,0.087,0.001,35.65949556,139.7024725,108,36,ìy,2019/12/7,2,1,ã{âvç‚
DSC01552,4,23,female,0,0,0,0,0,0.997,0.003,0,35.65957889,139.7024581,90,78,ìy,2019/12/7,2,1,ã{âvç‚
DSC01553,4,12,female,0,0,0,0,0,0.999,0.001,0,35.65957222,139.7024383,70,105,ìy,2019/12/7,2,1,ã{âvç‚
DSC01554,4,51,male,0,0,0,0.002,0,0.985,0.001,0.011,35.65957306,139.7023675,114,105,ìy,2019/12/7,2,1,ã{âvç‚
DSC01555,4,25,male,0,0,0,0,0.005,0.993,0.002,0,35.65965417,139.7022722,89,35,ìy,2019/12/7,2,1,ã{âvç‚
DSC01557,4,15,female,0,0,0,0,0,0.985,0.015,0,35.65957611,139.7022458,112,35,ìy,2019/12/7,2,1,ã{âvç‚
DSC01558,4,15,female,0,0,0,0.005,0,0.903,0.002,0.09,35.659495,139.7022114,70,40,ìy,2019/12/7,2,1,ã{âvç‚
DSC01559,4,18,female,0.002,0,0,0,0.001,0.98,0.001,0.016,35.65951778,139.7023608,78,70,ìy,2019/12/7,2,1,ã{âvç‚
DSC01561,4,18,male,0,0,0,0,0,0.996,0,0.004,35.65950195,139.7023331,112,36,ìy,2019/12/7,2,1,ã{âvç‚
DSC02554,4,23,female,0,0,0,0,0,0.989,0.01,0,35.65942583,139.7020283,68,39,ì˙,2019/12/8,3,1,ã{âvç‚
DSC02555,4,22,female,0,0,0,0,0,0.998,0.001,0.002,35.65942445,139.7020414,62,39,ì˙,2019/12/8,3,1,ã{âvç‚
DSC02560,4,22,male,0,0,0,0,0,0.999,0.001,0,35.65956333,139.7021744,61,105,ì˙,2019/12/8,3,1,ã{âvç‚
DSC02562,4,20,female,0,0,0,0,0,0.991,0,0.009,35.65956889,139.7022017,90,105,ì˙,2019/12/8,3,1,ã{âvç‚
DSC02564,4,17,female,0,0,0,0,0,0.994,0.001,0.005,35.65947028,139.7021539,76,105,ì˙,2019/12/8,3,1,ã{âvç‚
DSC02565,4,23,female,0,0,0,0,0,0.998,0.001,0,35.65949611,139.7022667,84,66,ì˙,2019/12/8,3,1,ã{âvç‚
DSC02566,4,24,female,0,0,0,0,0,0.999,0.001,0,35.65952417,139.7024142,101,35,ì˙,2019/12/8,3,1,ã{âvç‚
DSC02569,4,23,male,0,0,0,0,0,1,0,0,35.65945,139.7023339,143,105,ì˙,2019/12/8,3,1,ã{âvç‚
DSC02574,4,15,female,0.001,0,0,0,0.242,0.752,0.002,0.003,35.65945611,139.7024231,54,105,ì˙,2019/12/8,3,1,ã{âvç‚
DSC02833,4,28,male,0,0,0,0,0,0.993,0.001,0.006,35.65947361,139.7021044,77,105,åé,2019/12/9,3,0,ã{âvç‚
DSC02834,4,21,female,0.001,0,0,0,0,0.998,0.001,0,35.65951333,139.7021253,96,105,åé,2019/12/9,3,0,ã{âvç‚
DSC02835,4,6,male,0,0,0,0,0,0.998,0,0.001,35.65966111,139.7022264,138,34,åé,2019/12/9,3,0,ã{âvç‚
DSC02837,4,20,female,0,0,0,0.001,0.006,0.977,0.005,0.011,35.65961278,139.7024361,143,105,åé,2019/12/9,3,0,ã{âvç‚
DSC02842,4,24,female,0,0,0,0,0,0.984,0.014,0.001,35.65960556,139.7023533,116,105,åé,2019/12/9,3,0,ã{âvç‚
DSC02843,4,16,female,0,0,0,0.003,0.001,0.855,0.138,0.002,35.65962306,139.7023158,71,105,åé,2019/12/9,3,0,ã{âvç‚
DSC02844,4,28,male,0,0,0,0,0.002,0.991,0.006,0.002,35.65961472,139.7023178,71,105,åé,2019/12/9,3,0,ã{âvç‚
DSC02845,4,42,female,0,0.001,0,0,0.003,0.993,0.003,0,35.65952028,139.7023458,64,50,åé,2019/12/9,3,0,ã{âvç‚
DSC02847,4,26,female,0,0,0,0,0,0.997,0.002,0,35.65955556,139.7021086,151,105,åé,2019/12/9,3,0,ã{âvç‚
DSD06139-1218,4,30,male,0,0,0,0,0.863,0.137,0,0,35.65961695,139.7023764,45,35,êÖ,2019/12/18,1,0,ã{âvç‚
DSD06141-1218,4,19,female,0,0,0,0,0,1,0,0,35.65958556,139.7024283,43,35,êÖ,2019/12/18,1,0,ã{âvç‚
DSD06142-1218,4,19,female,0,0,0,0,0.999,0,0,0,35.65957083,139.7025406,119,35,êÖ,2019/12/18,1,0,ã{âvç‚
DSD06145-1218,4,31,male,0,0,0,0,0.997,0.002,0,0.001,35.65956445,139.7025978,43,35,êÖ,2019/12/18,1,0,ã{âvç‚
DSD06146-1218,4,31,male,0,0,0,0,0,0.998,0.002,0,35.65953833,139.7026669,54,35,êÖ,2019/12/18,1,0,ã{âvç‚
DSD06147-1218,4,41,female,0,0,0,0,0,0.997,0.003,0,35.6594675,139.7027803,83,35,êÖ,2019/12/18,1,0,ã{âvç‚
DSD06149-1218,4,34,female,0,0,0,0,0,0.999,0,0,35.65964889,139.7023428,42,35,êÖ,2019/12/18,1,0,ã{âvç‚
DSD06151-1218,4,19,female,0,0,0,0,0.96,0.039,0,0,35.65942167,139.7021336,122,35,êÖ,2019/12/18,1,0,ã{âvç‚
DSD06152-1218,4,28,male,0,0,0,0,0.001,0.998,0,0,35.65940445,139.7021758,159,35,êÖ,2019/12/18,1,0,ã{âvç‚
DSD06155-1218,4,24,female,0,0,0,0,0,0.998,0.002,0,35.65938556,139.7022328,55,35,êÖ,2019/12/18,1,0,ã{âvç‚
DSD06232-1218,4,23,male,0,0,0,0,0,1,0,0,35.65971445,139.702225,49,35,êÖ,2019/12/18,2,0,ã{âvç‚
DSD06233-1218,4,24,female,0,0,0,0,0,0.998,0.001,0.001,35.65963,139.7023075,44,35,êÖ,2019/12/18,2,0,ã{âvç‚
DSD06238-1218,4,14,male,0.001,0,0,0.001,0.004,0.96,0.013,0.022,35.65943667,139.7024636,123,35,êÖ,2019/12/18,2,0,ã{âvç‚
DSD06244-1218,4,29,male,0,0,0,0,0,0.999,0.001,0,35.65952556,139.7021856,122,35,êÖ,2019/12/18,2,0,ã{âvç‚
DSD06245-1218,4,25,female,0,0,0,0,0,0.997,0.002,0,35.65953889,139.7022744,53,35,êÖ,2019/12/18,2,0,ã{âvç‚
DSD06250-1218,4,21,female,0.006,0.002,0.003,0,0.002,0.976,0.011,0,35.65937528,139.7025486,225,35,êÖ,2019/12/18,2,0,ã{âvç‚
DSD06251-1218,4,20,female,0,0,0,0,0,0.998,0.002,0,35.65946945,139.7025042,78,35,êÖ,2019/12/18,2,0,ã{âvç‚
DSD06254-1218,4,33,male,0.016,0.051,0.002,0,0.002,0.906,0.023,0,35.6597106,139.702292,206,35,êÖ,2019/12/18,2,0,ã{âvç‚
DSD06255-1218,4,42,female,0,0.005,0,0,0.003,0.955,0.036,0,35.6597106,139.702292,82,35,êÖ,2019/12/18,2,0,ã{âvç‚
A7300222,5,25,female,0,0,0,0,0,0.871,0.129,0,35.65961083,139.7022903,62,70,ì˙,2019/12/8,1,1,ã{âvç‚
A7300223,5,47,male,0,0,0,0,0,0.972,0.028,0,35.65961528,139.7023628,55,70,ì˙,2019/12/8,1,1,ã{âvç‚
A7300224,5,46,female,0,0.001,0,0,0.054,0.854,0.091,0,35.65951389,139.7022131,70,43,ì˙,2019/12/8,1,1,ã{âvç‚
A7300225,5,31,male,0,0,0,0,0.01,0.961,0.027,0.001,35.659825,139.7022933,52,70,ì˙,2019/12/8,1,1,ã{âvç‚
A7300227,5,19,female,0,0.001,0,0,0,0.768,0.231,0,35.65977528,139.70232,55,49,ì˙,2019/12/8,1,1,ã{âvç‚
A7300228,5,33,male,0.001,0.022,0,0,0.003,0.858,0.116,0,35.65941583,139.7022667,86,62,ì˙,2019/12/8,1,1,ã{âvç‚
A7300229,5,29,male,0,0,0,0,0.001,0.983,0.015,0,35.65973722,139.7025075,101,69,ì˙,2019/12/8,1,1,ã{âvç‚
A7300230,5,32,female,0,0,0,0,0,0.892,0.108,0,35.65970222,139.7025433,112,70,ì˙,2019/12/8,1,1,ã{âvç‚
A7300231,5,58,female,0,0,0,0,0.002,0.997,0.001,0,35.6596925,139.7025483,44,70,ì˙,2019/12/8,1,1,ã{âvç‚
A7300232,5,24,male,0,0,0,0,0.028,0.968,0.001,0.003,35.65972889,139.7025378,44,70,ì˙,2019/12/8,1,1,ã{âvç‚
A7300233,5,22,male,0.001,0,0,0,0,0.973,0.006,0.02,35.65976528,139.7024314,79,70,ì˙,2019/12/8,1,1,ã{âvç‚
A7300234,5,51,female,0,0,0,0,0,0.98,0.016,0.004,35.65946889,139.7025008,70,70,ì˙,2019/12/8,1,1,ã{âvç‚
A7300235,5,27,male,0,0,0,0,0,0.996,0.004,0,35.65947417,139.702495,52,70,ì˙,2019/12/8,1,1,ã{âvç‚
A7300237,5,30,female,0,0.001,0,0,0.002,0.975,0.023,0,35.65949306,139.7025264,98,70,ì˙,2019/12/8,1,1,ã{âvç‚
A7300240,5,27,male,0,0,0,0,0.777,0.222,0,0.001,35.65945806,139.7026058,75,36,ì˙,2019/12/8,1,1,ã{âvç‚
A7300241,5,23,male,0.002,0.001,0.001,0.009,0.009,0.856,0.111,0.011,35.65945806,139.7026058,81,36,ì˙,2019/12/8,1,1,ã{âvç‚
A7300246,5,40,male,0.001,0.009,0,0,0,0.988,0.002,0,35.65957861,139.7024608,108,35,ì˙,2019/12/8,1,1,ã{âvç‚
A7300247,5,23,female,0,0.002,0,0,0.01,0.985,0.002,0,35.65958472,139.7024064,224,35,ì˙,2019/12/8,1,1,ã{âvç‚
A7300250,5,46,female,0.004,0.006,0.001,0,0.005,0.905,0.078,0,35.65948945,139.7023661,93,34,ì˙,2019/12/8,1,1,ã{âvç‚
A7300254,5,18,male,0,0,0,0,0,0.996,0.004,0,35.65968222,139.7024117,67,40,ì˙,2019/12/8,1,1,ã{âvç‚
A7300255,5,18,female,0,0.025,0,0,0,0.971,0.005,0,35.65964583,139.7025383,212,40,ì˙,2019/12/8,1,1,ã{âvç‚
A7300257,5,43,male,0,0,0,0,0.001,0.998,0,0,35.65962972,139.7027161,113,40,ì˙,2019/12/8,1,1,ã{âvç‚
DSC01538,5,34,female,0,0,0,0,0.993,0.006,0,0,35.65933083,139.7021056,54,46,ìy,2019/12/7,2,1,ã{âvç‚
DSC01539,5,25,female,0,0,0,0,0,0.998,0.001,0,35.65938306,139.7022214,89,105,ìy,2019/12/7,2,1,ã{âvç‚
DSC01540,5,23,female,0.007,0,0,0.001,0.001,0.968,0.001,0.021,35.65940556,139.7022283,79,105,ìy,2019/12/7,2,1,ã{âvç‚
DSC01541,5,25,female,0,0,0,0,0,0.987,0.011,0.001,35.65944,139.7023428,77,35,ìy,2019/12/7,2,1,ã{âvç‚
DSC01542,5,18,male,0,0,0,0.001,0.001,0.973,0.012,0.013,35.65944195,139.7024094,151,35,ìy,2019/12/7,2,1,ã{âvç‚
DSC01543,5,23,male,0,0,0,0,0,0.984,0.007,0.009,35.65947111,139.7024722,93,35,ìy,2019/12/7,2,1,ã{âvç‚
DSC01545,5,42,male,0,0.001,0,0,0,0.954,0.045,0,35.65948945,139.7025236,85,54,ìy,2019/12/7,2,1,ã{âvç‚
DSC01547,5,21,male,0,0,0,0,0.001,0.992,0.001,0.006,35.65948972,139.7024911,81,105,ìy,2019/12/7,2,1,ã{âvç‚
DSC01548,5,23,female,0,0.001,0,0,0.682,0.302,0.001,0.013,35.65949889,139.7024764,183,40,ìy,2019/12/7,2,1,ã{âvç‚
DSC01552,5,19,female,0,0,0,0,0.087,0.901,0.006,0.005,35.65957889,139.7024581,90,78,ìy,2019/12/7,2,1,ã{âvç‚
DSC01553,5,23,female,0,0,0,0,0,0.986,0.014,0,35.65957222,139.7024383,69,105,ìy,2019/12/7,2,1,ã{âvç‚
DSC01554,5,24,male,0,0.001,0,0,0,0.988,0.004,0.007,35.65957306,139.7023675,111,105,ìy,2019/12/7,2,1,ã{âvç‚
DSC01555,5,22,female,0,0,0,0,0,0.997,0,0.003,35.65965417,139.7022722,83,35,ìy,2019/12/7,2,1,ã{âvç‚
DSC01558,5,24,male,0,0.002,0,0,0.002,0.994,0.001,0,35.659495,139.7022114,64,40,ìy,2019/12/7,2,1,ã{âvç‚
DSC01559,5,5,female,0,0,0,0,0.238,0.761,0.001,0.001,35.65951778,139.7023608,71,70,ìy,2019/12/7,2,1,ã{âvç‚
DSC02554,5,30,female,0,0,0,0,0,0.999,0.001,0,35.65942583,139.7020283,67,39,ì˙,2019/12/8,3,1,ã{âvç‚
DSC02555,5,25,male,0,0,0,0.005,0.001,0.269,0.002,0.721,35.65942445,139.7020414,62,39,ì˙,2019/12/8,3,1,ã{âvç‚
DSC02562,5,24,male,0,0,0,0,0.999,0,0,0,35.65956889,139.7022017,89,105,ì˙,2019/12/8,3,1,ã{âvç‚
DSC02564,5,24,male,0.012,0,0,0,0.889,0.096,0,0.002,35.65947028,139.7021539,73,105,ì˙,2019/12/8,3,1,ã{âvç‚
DSC02565,5,27,male,0,0,0,0.015,0,0.644,0.003,0.337,35.65949611,139.7022667,80,66,ì˙,2019/12/8,3,1,ã{âvç‚
DSC02569,5,20,male,0,0.001,0,0,0.001,0.979,0.001,0.017,35.65945,139.7023339,141,105,ì˙,2019/12/8,3,1,ã{âvç‚
DSC02575,5,53,male,0,0,0,0,0,0.999,0.001,0,35.65945667,139.7023475,78,105,ì˙,2019/12/8,3,1,ã{âvç‚
DSC02833,5,18,female,0,0,0,0,0,0.997,0.003,0,35.65947361,139.7021044,74,105,åé,2019/12/9,3,0,ã{âvç‚
DSC02834,5,28,male,0.003,0,0,0.001,0,0.566,0,0.43,35.65951333,139.7021253,93,105,åé,2019/12/9,3,0,ã{âvç‚
DSC02835,5,21,female,0,0,0,0,1,0,0,0,35.65966111,139.7022264,123,34,åé,2019/12/9,3,0,ã{âvç‚
DSC02837,5,17,male,0,0,0,0,0.579,0.416,0.004,0.001,35.65961278,139.7024361,133,105,åé,2019/12/9,3,0,ã{âvç‚
DSC02842,5,23,male,0.004,0.002,0.013,0.068,0.003,0.449,0.01,0.45,35.65960556,139.7023533,114,105,åé,2019/12/9,3,0,ã{âvç‚
DSC02843,5,23,female,0,0,0,0,0.005,0.988,0.003,0.003,35.65962306,139.7023158,64,105,åé,2019/12/9,3,0,ã{âvç‚
DSC02844,5,19,female,0,0,0,0,0,0.997,0.001,0.002,35.65961472,139.7023178,68,105,åé,2019/12/9,3,0,ã{âvç‚
DSC02845,5,30,male,0,0,0,0.001,0,0.79,0.001,0.207,35.65952028,139.7023458,58,50,åé,2019/12/9,3,0,ã{âvç‚
DSC02847,5,18,female,0,0,0,0,1,0,0,0,35.65955556,139.7021086,141,105,åé,2019/12/9,3,0,ã{âvç‚
DSD06139-1218,5,67,male,0,0,0,0,0.113,0.884,0.002,0,35.65961695,139.7023764,39,35,êÖ,2019/12/18,1,0,ã{âvç‚
DSD06141-1218,5,21,female,0,0,0,0,0,1,0,0,35.65958556,139.7024283,41,35,êÖ,2019/12/18,1,0,ã{âvç‚
DSD06142-1218,5,22,male,0.001,0,0,0,0,0.953,0.046,0,35.65957083,139.7025406,66,35,êÖ,2019/12/18,1,0,ã{âvç‚
DSD06145-1218,5,56,male,0,0,0,0,0,0.999,0.001,0,35.65956445,139.7025978,41,35,êÖ,2019/12/18,1,0,ã{âvç‚
DSD06146-1218,5,23,female,0,0,0,0,1,0,0,0,35.65953833,139.7026669,52,35,êÖ,2019/12/18,1,0,ã{âvç‚
DSD06147-1218,5,32,male,0,0,0,0,0,0.998,0.002,0,35.6594675,139.7027803,62,35,êÖ,2019/12/18,1,0,ã{âvç‚
DSD06149-1218,5,24,female,0,0,0,0,0,1,0,0,35.65964889,139.7023428,39,35,êÖ,2019/12/18,1,0,ã{âvç‚
DSD06151-1218,5,31,male,0,0,0,0,0.125,0.866,0.008,0,35.65942167,139.7021336,114,35,êÖ,2019/12/18,1,0,ã{âvç‚
DSD06152-1218,5,17,male,0.001,0,0,0,0.002,0.983,0.014,0,35.65940445,139.7021758,148,35,êÖ,2019/12/18,1,0,ã{âvç‚
DSD06155-1218,5,25,male,0,0,0,0,0,0.947,0.053,0,35.65938556,139.7022328,54,35,êÖ,2019/12/18,1,0,ã{âvç‚
DSD06232-1218,5,58,male,0.216,0.012,0.002,0,0,0.758,0.011,0,35.65971445,139.702225,47,35,êÖ,2019/12/18,2,0,ã{âvç‚
DSD06233-1218,5,35,male,0,0,0,0,0.206,0.793,0,0,35.65963,139.7023075,42,35,êÖ,2019/12/18,2,0,ã{âvç‚
DSD06238-1218,5,21,female,0,0.002,0,0,0.174,0.823,0.001,0,35.65943667,139.7024636,112,35,êÖ,2019/12/18,2,0,ã{âvç‚
DSD06242-1218,5,36,female,0,0,0,0,0,0.996,0.004,0,35.65945695,139.7024778,40,35,êÖ,2019/12/18,2,0,ã{âvç‚
DSD06243-1218,5,21,female,0,0.001,0,0,0.001,0.994,0.004,0,35.65954667,139.7021747,133,35,êÖ,2019/12/18,2,0,ã{âvç‚
DSD06245-1218,5,26,male,0.001,0.001,0.001,0.001,0.005,0.549,0.44,0.002,35.65953889,139.7022744,52,35,êÖ,2019/12/18,2,0,ã{âvç‚
DSD06250-1218,5,26,male,0,0,0,0,1,0,0,0,35.65937528,139.7025486,156,35,êÖ,2019/12/18,2,0,ã{âvç‚
DSD06251-1218,5,24,male,0,0,0,0,0,1,0,0,35.65946945,139.7025042,58,35,êÖ,2019/12/18,2,0,ã{âvç‚
DSD06254-1218,5,22,male,0,0,0,0,0,1,0,0,35.6597106,139.702292,147,35,êÖ,2019/12/18,2,0,ã{âvç‚
DSD06255-1218,5,46,male,0.001,0,0,0,0,0.996,0.003,0,35.6597106,139.702292,79,35,êÖ,2019/12/18,2,0,ã{âvç‚
A7300222,6,25,female,0,0,0,0,1,0,0,0,35.65961083,139.7022903,61,70,ì˙,2019/12/8,1,1,ã{âvç‚
A7300223,6,28,male,0,0,0,0,0,0.996,0.004,0,35.65961528,139.7023628,55,70,ì˙,2019/12/8,1,1,ã{âvç‚
A7300224,6,33,female,0.014,0.001,0.006,0.002,0.005,0.904,0.06,0.008,35.65951389,139.7022131,68,43,ì˙,2019/12/8,1,1,ã{âvç‚
A7300225,6,39,male,0.001,0,0,0,0,0.995,0.004,0,35.659825,139.7022933,51,70,ì˙,2019/12/8,1,1,ã{âvç‚
A7300227,6,23,female,0,0,0,0,0.996,0.002,0.002,0,35.65977528,139.70232,55,49,ì˙,2019/12/8,1,1,ã{âvç‚
A7300228,6,21,female,0.003,0.001,0.004,0,0,0.964,0.026,0.002,35.65941583,139.7022667,81,62,ì˙,2019/12/8,1,1,ã{âvç‚
A7300229,6,20,female,0,0.007,0,0,0.001,0.988,0.003,0.001,35.65973722,139.7025075,97,69,ì˙,2019/12/8,1,1,ã{âvç‚
A7300230,6,26,female,0,0.002,0,0,0.002,0.905,0.09,0,35.65970222,139.7025433,108,70,ì˙,2019/12/8,1,1,ã{âvç‚
A7300231,6,49,female,0,0,0,0,0,0.796,0.203,0,35.6596925,139.7025483,43,70,ì˙,2019/12/8,1,1,ã{âvç‚
A7300232,6,36,male,0.001,0.006,0.001,0.003,0.007,0.948,0.029,0.004,35.65972889,139.7025378,41,70,ì˙,2019/12/8,1,1,ã{âvç‚
A7300233,6,22,female,0,0,0,0,1,0,0,0,35.65976528,139.7024314,78,70,ì˙,2019/12/8,1,1,ã{âvç‚
A7300234,6,50,male,0,0.007,0,0,0.002,0.99,0.001,0,35.65946889,139.7025008,69,70,ì˙,2019/12/8,1,1,ã{âvç‚
A7300235,6,30,male,0,0,0,0,0.001,0.991,0.008,0,35.65947417,139.702495,51,70,ì˙,2019/12/8,1,1,ã{âvç‚
A7300237,6,41,female,0,0,0,0,0,0.996,0.004,0,35.65949306,139.7025264,97,70,ì˙,2019/12/8,1,1,ã{âvç‚
A7300238,6,30,female,0,0,0,0,0,0.998,0.002,0,35.65952583,139.7025669,55,70,ì˙,2019/12/8,1,1,ã{âvç‚
A7300239,6,39,female,0.003,0.001,0,0,0,0.986,0.008,0,35.65952889,139.7025656,55,70,ì˙,2019/12/8,1,1,ã{âvç‚
A7300240,6,23,female,0,0,0,0,0,0.998,0.002,0,35.65945806,139.7026058,56,36,ì˙,2019/12/8,1,1,ã{âvç‚
A7300241,6,33,male,0.001,0,0,0,0,0.998,0.001,0,35.65945806,139.7026058,81,36,ì˙,2019/12/8,1,1,ã{âvç‚
A7300246,6,20,female,0,0.002,0,0,0.013,0.838,0.147,0,35.65957861,139.7024608,103,35,ì˙,2019/12/8,1,1,ã{âvç‚
A7300247,6,20,female,0.012,0,0.001,0,0.971,0.004,0.012,0,35.65958472,139.7024064,124,35,ì˙,2019/12/8,1,1,ã{âvç‚
A7300250,6,21,male,0,0.001,0.004,0,0.468,0.499,0.027,0,35.65948945,139.7023661,90,34,ì˙,2019/12/8,1,1,ã{âvç‚
A7300254,6,23,male,0,0.002,0,0,0,0.93,0.068,0,35.65968222,139.7024117,61,40,ì˙,2019/12/8,1,1,ã{âvç‚
A7300255,6,19,female,0,0,0,0,0.001,0.996,0.003,0,35.65964583,139.7025383,120,40,ì˙,2019/12/8,1,1,ã{âvç‚
DSC01538,6,54,male,0.003,0,0,0.007,0,0.756,0.002,0.232,35.65933083,139.7021056,44,46,ìy,2019/12/7,2,1,ã{âvç‚
DSC01539,6,20,female,0.001,0,0,0,0,0.997,0.001,0,35.65938306,139.7022214,87,105,ìy,2019/12/7,2,1,ã{âvç‚
DSC01540,6,24,male,0,0,0,0,0.015,0.96,0.005,0.02,35.65940556,139.7022283,78,105,ìy,2019/12/7,2,1,ã{âvç‚
DSC01541,6,26,female,0,0,0,0,0.006,0.989,0,0.004,35.65944,139.7023428,73,35,ìy,2019/12/7,2,1,ã{âvç‚
DSC01542,6,20,female,0,0,0,0,0.142,0.857,0.001,0,35.65944195,139.7024094,136,35,ìy,2019/12/7,2,1,ã{âvç‚
DSC01545,6,23,male,0,0,0,0,0,0.996,0.003,0,35.65948945,139.7025236,85,54,ìy,2019/12/7,2,1,ã{âvç‚
DSC01547,6,25,female,0.002,0,0,0.003,0.65,0.314,0.006,0.025,35.65948972,139.7024911,81,105,ìy,2019/12/7,2,1,ã{âvç‚
DSC01552,6,27,male,0.003,0,0,0.001,0,0.907,0.001,0.087,35.65957889,139.7024581,84,78,ìy,2019/12/7,2,1,ã{âvç‚
DSC01554,6,24,female,0.119,0.011,0.094,0.002,0.383,0.363,0.029,0.001,35.65957306,139.7023675,100,105,ìy,2019/12/7,2,1,ã{âvç‚
DSC01555,6,20,female,0,0,0,0,0,0.859,0,0.141,35.65965417,139.7022722,79,35,ìy,2019/12/7,2,1,ã{âvç‚
DSC01558,6,16,female,0.001,0,0,0,0,0.973,0.022,0.003,35.659495,139.7022114,61,40,ìy,2019/12/7,2,1,ã{âvç‚
DSC01559,6,25,female,0,0,0,0.011,0,0.681,0.002,0.305,35.65951778,139.7023608,67,70,ìy,2019/12/7,2,1,ã{âvç‚
DSC02554,6,35,male,0,0.001,0,0,0,0.996,0.002,0.001,35.65942583,139.7020283,65,39,ì˙,2019/12/8,3,1,ã{âvç‚
DSC02562,6,23,female,0.01,0,0.001,0.004,0.006,0.69,0.006,0.283,35.65956889,139.7022017,84,105,ì˙,2019/12/8,3,1,ã{âvç‚
DSC02564,6,24,male,0,0,0,0,0.011,0.967,0,0.021,35.65947028,139.7021539,71,105,ì˙,2019/12/8,3,1,ã{âvç‚
DSC02565,6,38,male,0.001,0.006,0.001,0.003,0.007,0.88,0.004,0.097,35.65949611,139.7022667,79,66,ì˙,2019/12/8,3,1,ã{âvç‚
DSC02569,6,33,female,0,0,0,0,0.005,0.988,0.006,0.001,35.65945,139.7023339,126,105,ì˙,2019/12/8,3,1,ã{âvç‚
DSC02575,6,25,female,0,0,0,0,1,0,0,0,35.65945667,139.7023475,75,105,ì˙,2019/12/8,3,1,ã{âvç‚
DSC02833,6,17,female,0,0,0,0,0.013,0.962,0,0.025,35.65947361,139.7021044,69,105,åé,2019/12/9,3,0,ã{âvç‚
DSC02834,6,20,male,0,0.002,0,0.006,0,0.819,0.17,0.003,35.65951333,139.7021253,91,105,åé,2019/12/9,3,0,ã{âvç‚
DSC02835,6,21,female,0,0,0,0,0.998,0.002,0,0,35.65966111,139.7022264,121,34,åé,2019/12/9,3,0,ã{âvç‚
DSC02837,6,15,female,0.005,0,0,0,0.006,0.959,0,0.029,35.65961278,139.7024361,70,105,åé,2019/12/9,3,0,ã{âvç‚
DSC02842,6,31,male,0.001,0,0,0.002,0,0.898,0.001,0.098,35.65960556,139.7023533,109,105,åé,2019/12/9,3,0,ã{âvç‚
DSC02843,6,23,female,0.001,0,0,0.002,0,0.964,0.004,0.029,35.65962306,139.7023158,63,105,åé,2019/12/9,3,0,ã{âvç‚
DSC02844,6,25,female,0,0,0,0.001,0,0.98,0.003,0.016,35.65961472,139.7023178,66,105,åé,2019/12/9,3,0,ã{âvç‚
DSC02845,6,22,male,0,0.029,0,0,0.013,0.956,0.002,0,35.65952028,139.7023458,52,50,åé,2019/12/9,3,0,ã{âvç‚
DSC02847,6,31,male,0,0.001,0,0.001,0.001,0.942,0.053,0.001,35.65955556,139.7021086,139,105,åé,2019/12/9,3,0,ã{âvç‚
DSD06141-1218,6,24,female,0,0,0,0,0,0.89,0.001,0.109,35.65958556,139.7024283,37,35,êÖ,2019/12/18,1,0,ã{âvç‚
DSD06146-1218,6,44,male,0,0,0,0,0,1,0,0,35.65953833,139.7026669,51,35,êÖ,2019/12/18,1,0,ã{âvç‚
DSD06147-1218,6,42,female,0.001,0,0,0,0.047,0.922,0.03,0,35.6594675,139.7027803,61,35,êÖ,2019/12/18,1,0,ã{âvç‚
DSD06151-1218,6,24,male,0,0,0,0,0,0.981,0.019,0,35.65942167,139.7021336,107,35,êÖ,2019/12/18,1,0,ã{âvç‚
DSD06155-1218,6,23,male,0,0,0,0,0.001,0.999,0,0,35.65938556,139.7022328,52,35,êÖ,2019/12/18,1,0,ã{âvç‚
DSD06232-1218,6,25,male,0,0,0,0,0,0.999,0.001,0,35.65971445,139.702225,45,35,êÖ,2019/12/18,2,0,ã{âvç‚
DSD06233-1218,6,23,female,0,0,0,0,0.021,0.969,0.003,0.006,35.65963,139.7023075,37,35,êÖ,2019/12/18,2,0,ã{âvç‚
DSD06235-1218,6,17,female,0,0,0,0,0,0.996,0.004,0,35.65948833,139.7022886,98,35,êÖ,2019/12/18,2,0,ã{âvç‚
DSD06238-1218,6,16,male,0,0,0,0,0,0.999,0,0.001,35.65943667,139.7024636,87,35,êÖ,2019/12/18,2,0,ã{âvç‚
DSD06243-1218,6,22,male,0,0,0,0,0,0.999,0.001,0,35.65954667,139.7021747,122,35,êÖ,2019/12/18,2,0,ã{âvç‚
DSD06250-1218,6,22,female,0,0,0,0,0.034,0.965,0,0,35.65937528,139.7025486,126,35,êÖ,2019/12/18,2,0,ã{âvç‚
DSD06251-1218,6,31,male,0,0,0,0,0,0.976,0,0.024,35.65946945,139.7025042,46,35,êÖ,2019/12/18,2,0,ã{âvç‚
DSD06254-1218,6,17,female,0,0.004,0.001,0,0.876,0.119,0,0,35.6597106,139.702292,145,35,êÖ,2019/12/18,2,0,ã{âvç‚
DSD06255-1218,6,24,female,0,0,0,0,0,1,0,0,35.6597106,139.702292,74,35,êÖ,2019/12/18,2,0,ã{âvç‚
A7300222,7,21,male,0,0,0,0,0,0.995,0.003,0.001,35.65961083,139.7022903,61,70,ì˙,2019/12/8,1,1,ã{âvç‚
A7300223,7,47,male,0,0,0,0,0,0.946,0.054,0,35.65961528,139.7023628,53,70,ì˙,2019/12/8,1,1,ã{âvç‚
A7300224,7,24,female,0,0.001,0.012,0,0.892,0.034,0.06,0,35.65951389,139.7022131,65,43,ì˙,2019/12/8,1,1,ã{âvç‚
A7300225,7,41,female,0.009,0.001,0.004,0.009,0.004,0.879,0.044,0.05,35.659825,139.7022933,50,70,ì˙,2019/12/8,1,1,ã{âvç‚
A7300227,7,23,male,0,0,0,0,0,0.935,0.065,0,35.65977528,139.70232,55,49,ì˙,2019/12/8,1,1,ã{âvç‚
A7300228,7,24,male,0.054,0.004,0.125,0,0.018,0.762,0.037,0.001,35.65941583,139.7022667,81,62,ì˙,2019/12/8,1,1,ã{âvç‚
A7300229,7,22,male,0,0,0,0,1,0,0,0,35.65973722,139.7025075,93,69,ì˙,2019/12/8,1,1,ã{âvç‚
A7300230,7,26,male,0,0,0,0,0.001,0.996,0.002,0,35.65970222,139.7025433,106,70,ì˙,2019/12/8,1,1,ã{âvç‚
A7300231,7,28,female,0.001,0,0,0,0,0.984,0.012,0.002,35.6596925,139.7025483,42,70,ì˙,2019/12/8,1,1,ã{âvç‚
A7300232,7,27,female,0,0,0,0,0.982,0.017,0.001,0,35.65972889,139.7025378,39,70,ì˙,2019/12/8,1,1,ã{âvç‚
A7300233,7,19,female,0,0,0,0,0,0.947,0.053,0.001,35.65976528,139.7024314,78,70,ì˙,2019/12/8,1,1,ã{âvç‚
A7300234,7,24,female,0,0,0,0,0,0.874,0.125,0,35.65946889,139.7025008,68,70,ì˙,2019/12/8,1,1,ã{âvç‚
A7300235,7,20,male,0,0,0,0.003,0.002,0.979,0.011,0.005,35.65947417,139.702495,50,70,ì˙,2019/12/8,1,1,ã{âvç‚
A7300236,7,58,female,0.007,0,0.001,0.004,0,0.864,0.007,0.117,35.65947417,139.702495,54,70,ì˙,2019/12/8,1,1,ã{âvç‚
A7300237,7,32,male,0,0,0,0,0.034,0.644,0.321,0,35.65949306,139.7025264,95,70,ì˙,2019/12/8,1,1,ã{âvç‚
A7300238,7,60,male,0,0,0,0,0,0.94,0.06,0,35.65952583,139.7025669,53,70,ì˙,2019/12/8,1,1,ã{âvç‚
A7300239,7,60,male,0.001,0,0,0,0,0.973,0.026,0,35.65952889,139.7025656,54,70,ì˙,2019/12/8,1,1,ã{âvç‚
A7300240,7,25,male,0.005,0,0,0,0.001,0.972,0.021,0.001,35.65945806,139.7026058,54,36,ì˙,2019/12/8,1,1,ã{âvç‚
A7300241,7,28,male,0,0.002,0,0,0.087,0.887,0.024,0,35.65945806,139.7026058,74,36,ì˙,2019/12/8,1,1,ã{âvç‚
A7300246,7,17,female,0,0,0,0,0,0.991,0.009,0,35.65957861,139.7024608,95,35,ì˙,2019/12/8,1,1,ã{âvç‚
A7300247,7,22,female,0.001,0,0.001,0,0.067,0.421,0.51,0,35.65958472,139.7024064,111,35,ì˙,2019/12/8,1,1,ã{âvç‚
A7300250,7,15,female,0.001,0.001,0.001,0.001,0.001,0.955,0.017,0.023,35.65948945,139.7023661,87,34,ì˙,2019/12/8,1,1,ã{âvç‚
A7300254,7,38,male,0.005,0.002,0.005,0,0.234,0.751,0.003,0,35.65968222,139.7024117,58,40,ì˙,2019/12/8,1,1,ã{âvç‚
A7300255,7,30,male,0.004,0,0,0,0,0.981,0.001,0.013,35.65964583,139.7025383,95,40,ì˙,2019/12/8,1,1,ã{âvç‚
DSC01538,7,44,male,0,0,0,0,0,0.995,0.001,0.004,35.65933083,139.7021056,41,46,ìy,2019/12/7,2,1,ã{âvç‚
DSC01539,7,23,female,0,0,0,0,0,0.998,0,0.001,35.65938306,139.7022214,87,105,ìy,2019/12/7,2,1,ã{âvç‚
DSC01540,7,34,female,0.002,0,0.001,0.001,0.011,0.92,0.065,0.002,35.65940556,139.7022283,76,105,ìy,2019/12/7,2,1,ã{âvç‚
DSC01541,7,21,female,0,0,0,0,0.999,0,0.001,0,35.65944,139.7023428,69,35,ìy,2019/12/7,2,1,ã{âvç‚
DSC01545,7,23,male,0,0,0,0,0,0.999,0.001,0,35.65948945,139.7025236,81,54,ìy,2019/12/7,2,1,ã{âvç‚
DSC01548,7,36,female,0,0.001,0,0,0,0.991,0.007,0,35.65949889,139.7024764,93,40,ìy,2019/12/7,2,1,ã{âvç‚
DSC01552,7,12,female,0,0,0,0,0,0.999,0.001,0,35.65957889,139.7024581,81,78,ìy,2019/12/7,2,1,ã{âvç‚
DSC01554,7,21,male,0,0,0,0,0.023,0.975,0.001,0.001,35.65957306,139.7023675,90,105,ìy,2019/12/7,2,1,ã{âvç‚
DSC01555,7,19,female,0,0,0,0,0,0.994,0.005,0,35.65965417,139.7022722,74,35,ìy,2019/12/7,2,1,ã{âvç‚
DSC01558,7,24,male,0,0,0,0,0.001,0.998,0.001,0.001,35.659495,139.7022114,60,40,ìy,2019/12/7,2,1,ã{âvç‚
DSC01559,7,11,female,0,0,0,0,0,0.999,0.001,0,35.65951778,139.7023608,66,70,ìy,2019/12/7,2,1,ã{âvç‚
DSC02554,7,22,female,0,0,0,0,0,1,0,0,35.65942583,139.7020283,62,39,ì˙,2019/12/8,3,1,ã{âvç‚
DSC02562,7,31,male,0,0,0,0,0.002,0.981,0.001,0.017,35.65956889,139.7022017,79,105,ì˙,2019/12/8,3,1,ã{âvç‚
DSC02564,7,28,female,0.001,0.001,0.001,0.036,0,0.534,0.018,0.41,35.65947028,139.7021539,71,105,ì˙,2019/12/8,3,1,ã{âvç‚
DSC02565,7,26,male,0,0,0,0,0,0.998,0.002,0,35.65949611,139.7022667,77,66,ì˙,2019/12/8,3,1,ã{âvç‚
DSC02569,7,20,male,0,0.001,0,0,0,0.988,0.008,0.003,35.65945,139.7023339,122,105,ì˙,2019/12/8,3,1,ã{âvç‚
DSC02575,7,33,male,0.001,0,0,0,0,0.991,0.007,0.001,35.65945667,139.7023475,71,105,ì˙,2019/12/8,3,1,ã{âvç‚
DSC02833,7,18,male,0.001,0,0,0.002,0.063,0.799,0.004,0.132,35.65947361,139.7021044,63,105,åé,2019/12/9,3,0,ã{âvç‚
DSC02834,7,23,male,0,0,0,0.001,0,0.41,0,0.589,35.65951333,139.7021253,89,105,åé,2019/12/9,3,0,ã{âvç‚
DSC02835,7,27,male,0,0,0,0,0.001,0.98,0,0.018,35.65966111,139.7022264,112,34,åé,2019/12/9,3,0,ã{âvç‚
DSC02842,7,22,male,0,0,0,0,0.001,0.925,0.003,0.071,35.65960556,139.7023533,69,105,åé,2019/12/9,3,0,ã{âvç‚
DSC02844,7,23,female,0.002,0,0,0,0.051,0.925,0.003,0.018,35.65961472,139.7023178,64,105,åé,2019/12/9,3,0,ã{âvç‚
DSC02847,7,45,female,0,0.008,0,0,0.001,0.985,0.006,0.001,35.65955556,139.7021086,136,105,åé,2019/12/9,3,0,ã{âvç‚
DSD06141-1218,7,19,female,0,0,0,0,0,0.881,0,0.118,35.65958556,139.7024283,36,35,êÖ,2019/12/18,1,0,ã{âvç‚
DSD06146-1218,7,20,female,0.004,0.001,0.001,0,0.001,0.976,0.015,0.002,35.65953833,139.7026669,51,35,êÖ,2019/12/18,1,0,ã{âvç‚
DSD06147-1218,7,23,female,0,0,0,0,0,0.998,0.002,0,35.6594675,139.7027803,59,35,êÖ,2019/12/18,1,0,ã{âvç‚
DSD06151-1218,7,20,male,0,0.002,0.002,0,0.984,0.012,0,0,35.65942167,139.7021336,103,35,êÖ,2019/12/18,1,0,ã{âvç‚
DSD06155-1218,7,21,female,0,0,0,0,1,0,0,0,35.65938556,139.7022328,50,35,êÖ,2019/12/18,1,0,ã{âvç‚
DSD06232-1218,7,41,male,0,0,0,0,0,0.985,0.015,0,35.65971445,139.702225,45,35,êÖ,2019/12/18,2,0,ã{âvç‚
DSD06233-1218,7,27,male,0,0,0,0,0.031,0.943,0.003,0.023,35.65963,139.7023075,36,35,êÖ,2019/12/18,2,0,ã{âvç‚
DSD06235-1218,7,62,male,0,0,0,0,0,0.98,0.02,0,35.65948833,139.7022886,76,35,êÖ,2019/12/18,2,0,ã{âvç‚
DSD06243-1218,7,20,female,0.001,0,0,0,0,0.97,0.007,0.022,35.65954667,139.7021747,98,35,êÖ,2019/12/18,2,0,ã{âvç‚
DSD06245-1218,7,28,female,0,0,0,0,0,0.974,0.026,0,35.65953889,139.7022744,50,35,êÖ,2019/12/18,2,0,ã{âvç‚
DSD06250-1218,7,55,male,0,0.008,0,0,0.004,0.986,0.003,0,35.65937528,139.7025486,123,35,êÖ,2019/12/18,2,0,ã{âvç‚
DSD06254-1218,7,18,male,0,0,0,0,0,1,0,0,35.6597106,139.702292,136,35,êÖ,2019/12/18,2,0,ã{âvç‚
DSD06255-1218,7,27,female,0,0.003,0,0,0.068,0.929,0,0,35.6597106,139.702292,73,35,êÖ,2019/12/18,2,0,ã{âvç‚
A7300222,8,24,female,0,0,0,0,0,0.966,0.034,0,35.65961083,139.7022903,60,70,ì˙,2019/12/8,1,1,ã{âvç‚
A7300223,8,17,male,0,0,0,0.002,0.25,0.492,0.212,0.043,35.65961528,139.7023628,53,70,ì˙,2019/12/8,1,1,ã{âvç‚
A7300224,8,20,female,0,0,0,0,1,0,0,0,35.65951389,139.7022131,61,43,ì˙,2019/12/8,1,1,ã{âvç‚
A7300225,8,24,female,0,0,0,0,0,0.993,0.006,0.001,35.659825,139.7022933,49,70,ì˙,2019/12/8,1,1,ã{âvç‚
A7300227,8,15,female,0,0,0,0.001,0,0.663,0,0.336,35.65977528,139.70232,54,49,ì˙,2019/12/8,1,1,ã{âvç‚
A7300228,8,19,female,0,0,0,0,0.003,0.996,0,0,35.65941583,139.7022667,74,62,ì˙,2019/12/8,1,1,ã{âvç‚
A7300230,8,32,male,0.002,0.012,0.001,0,0.059,0.926,0,0,35.65970222,139.7025433,103,70,ì˙,2019/12/8,1,1,ã{âvç‚
A7300231,8,50,female,0.001,0.002,0.001,0,0.036,0.954,0.006,0,35.6596925,139.7025483,41,70,ì˙,2019/12/8,1,1,ã{âvç‚
A7300232,8,27,male,0,0,0,0,0.002,0.997,0.001,0,35.65972889,139.7025378,39,70,ì˙,2019/12/8,1,1,ã{âvç‚
A7300233,8,22,female,0,0,0,0,0,0.944,0.056,0,35.65976528,139.7024314,77,70,ì˙,2019/12/8,1,1,ã{âvç‚
A7300234,8,17,male,0,0,0,0,0.311,0.687,0.001,0,35.65946889,139.7025008,67,70,ì˙,2019/12/8,1,1,ã{âvç‚
A7300235,8,19,female,0,0,0,0,0,0.993,0.001,0.006,35.65947417,139.702495,50,70,ì˙,2019/12/8,1,1,ã{âvç‚
A7300236,8,23,female,0,0,0,0,0,0.999,0.001,0.001,35.65947417,139.702495,53,70,ì˙,2019/12/8,1,1,ã{âvç‚
A7300237,8,23,female,0,0.016,0,0,0,0.978,0.005,0,35.65949306,139.7025264,92,70,ì˙,2019/12/8,1,1,ã{âvç‚
A7300238,8,28,female,0,0,0,0,0,0.999,0.001,0,35.65952583,139.7025669,49,70,ì˙,2019/12/8,1,1,ã{âvç‚
A7300239,8,54,female,0,0,0,0,0.001,0.992,0.007,0,35.65952889,139.7025656,47,70,ì˙,2019/12/8,1,1,ã{âvç‚
A7300241,8,25,male,0.01,0,0,0,0.001,0.954,0.032,0.002,35.65945806,139.7026058,71,36,ì˙,2019/12/8,1,1,ã{âvç‚
A7300246,8,20,female,0,0,0,0,0,0.999,0.001,0,35.65957861,139.7024608,90,35,ì˙,2019/12/8,1,1,ã{âvç‚
A7300250,8,36,female,0,0,0.002,0,0.008,0.5,0.488,0,35.65948945,139.7023661,78,34,ì˙,2019/12/8,1,1,ã{âvç‚
A7300254,8,25,female,0,0,0,0,0,0.993,0.006,0,35.65968222,139.7024117,58,40,ì˙,2019/12/8,1,1,ã{âvç‚
DSC01539,8,26,male,0,0.001,0,0,0.151,0.847,0,0.001,35.65938306,139.7022214,85,105,ìy,2019/12/7,2,1,ã{âvç‚
DSC01540,8,24,female,0.001,0,0.001,0,0.798,0.173,0.018,0.007,35.65940556,139.7022283,75,105,ìy,2019/12/7,2,1,ã{âvç‚
DSC01545,8,19,female,0,0,0,0,0.998,0.002,0,0,35.65948945,139.7025236,81,54,ìy,2019/12/7,2,1,ã{âvç‚
DSC01548,8,24,female,0,0,0,0,0,0.998,0.002,0,35.65949889,139.7024764,65,40,ìy,2019/12/7,2,1,ã{âvç‚
DSC01554,8,23,female,0,0,0,0,0.003,0.983,0.014,0.001,35.65957306,139.7023675,76,105,ìy,2019/12/7,2,1,ã{âvç‚
DSC01555,8,22,female,0,0.023,0,0,0.008,0.938,0.031,0,35.65965417,139.7022722,73,35,ìy,2019/12/7,2,1,ã{âvç‚
DSC01558,8,27,male,0,0,0,0,0,0.998,0.001,0,35.659495,139.7022114,59,40,ìy,2019/12/7,2,1,ã{âvç‚
DSC02554,8,27,male,0.001,0,0,0,0,0.994,0.003,0.002,35.65942583,139.7020283,62,39,ì˙,2019/12/8,3,1,ã{âvç‚
DSC02564,8,21,male,0,0.001,0,0,0.002,0.987,0.001,0.009,35.65947028,139.7021539,69,105,ì˙,2019/12/8,3,1,ã{âvç‚
DSC02565,8,25,male,0,0,0,0,0.96,0.001,0.039,0,35.65949611,139.7022667,74,66,ì˙,2019/12/8,3,1,ã{âvç‚
DSC02569,8,23,female,0,0,0,0,0.971,0.026,0.002,0,35.65945,139.7023339,113,105,ì˙,2019/12/8,3,1,ã{âvç‚
DSC02575,8,20,female,0.045,0.001,0.014,0,0.004,0.928,0.006,0.002,35.65945667,139.7023475,67,105,ì˙,2019/12/8,3,1,ã{âvç‚
DSC02833,8,18,female,0.068,0.001,0.011,0.004,0.075,0.811,0.024,0.007,35.65947361,139.7021044,65,105,åé,2019/12/9,3,0,ã{âvç‚
DSC02834,8,24,female,0,0,0,0,0,0.997,0,0.002,35.65951333,139.7021253,86,105,åé,2019/12/9,3,0,ã{âvç‚
DSC02847,8,50,male,0,0.002,0,0.001,0.187,0.782,0.003,0.023,35.65955556,139.7021086,134,105,åé,2019/12/9,3,0,ã{âvç‚
DSD06146-1218,8,26,female,0,0,0,0,0,0.998,0.002,0,35.65953833,139.7026669,50,35,êÖ,2019/12/18,1,0,ã{âvç‚
DSD06147-1218,8,25,female,0,0,0,0,0,1,0,0,35.6594675,139.7027803,53,35,êÖ,2019/12/18,1,0,ã{âvç‚
DSD06151-1218,8,19,male,0,0,0,0,0,0.992,0.007,0,35.65942167,139.7021336,98,35,êÖ,2019/12/18,1,0,ã{âvç‚
DSD06155-1218,8,19,female,0.002,0,0,0,0,0.99,0.007,0,35.65938556,139.7022328,49,35,êÖ,2019/12/18,1,0,ã{âvç‚
DSD06232-1218,8,32,female,0,0,0,0,0,0.992,0.008,0,35.65971445,139.702225,43,35,êÖ,2019/12/18,2,0,ã{âvç‚
DSD06235-1218,8,26,female,0,0,0,0,0,1,0,0,35.65948833,139.7022886,43,35,êÖ,2019/12/18,2,0,ã{âvç‚
DSD06243-1218,8,25,female,0,0,0,0,0,0.999,0.001,0,35.65954667,139.7021747,95,35,êÖ,2019/12/18,2,0,ã{âvç‚
DSD06245-1218,8,24,male,0,0.069,0,0,0,0.927,0.003,0,35.65953889,139.7022744,50,35,êÖ,2019/12/18,2,0,ã{âvç‚
DSD06250-1218,8,60,male,0.003,0.001,0,0,0.001,0.972,0.023,0,35.65937528,139.7025486,121,35,êÖ,2019/12/18,2,0,ã{âvç‚
DSD06254-1218,8,19,female,0,0,0,0,0,0.977,0.023,0,35.6597106,139.702292,115,35,êÖ,2019/12/18,2,0,ã{âvç‚
DSD06255-1218,8,14,female,0,0,0,0,0.071,0.929,0,0,35.6597106,139.702292,56,35,êÖ,2019/12/18,2,0,ã{âvç‚
A7300222,9,64,male,0,0,0,0.001,0.001,0.969,0.005,0.023,35.65961083,139.7022903,58,70,ì˙,2019/12/8,1,1,ã{âvç‚
A7300223,9,41,male,0,0.001,0,0,0.005,0.987,0.007,0,35.65961528,139.7023628,53,70,ì˙,2019/12/8,1,1,ã{âvç‚
A7300224,9,51,male,0,0.002,0,0,0,0.93,0.067,0,35.65951389,139.7022131,59,43,ì˙,2019/12/8,1,1,ã{âvç‚
A7300225,9,42,male,0,0.024,0,0,0.957,0.019,0,0,35.659825,139.7022933,48,70,ì˙,2019/12/8,1,1,ã{âvç‚
A7300227,9,54,male,0,0,0,0,0,0.933,0.065,0.001,35.65977528,139.70232,53,49,ì˙,2019/12/8,1,1,ã{âvç‚
A7300228,9,17,female,0,0,0,0,0.978,0.022,0,0,35.65941583,139.7022667,74,62,ì˙,2019/12/8,1,1,ã{âvç‚
A7300230,9,24,male,0,0,0,0.001,0,0.538,0.008,0.452,35.65970222,139.7025433,103,70,ì˙,2019/12/8,1,1,ã{âvç‚
A7300231,9,36,male,0,0.001,0,0.003,0.004,0.954,0.024,0.013,35.6596925,139.7025483,40,70,ì˙,2019/12/8,1,1,ã{âvç‚
A7300232,9,32,male,0,0,0,0,0.001,0.996,0.001,0.001,35.65972889,139.7025378,36,70,ì˙,2019/12/8,1,1,ã{âvç‚
A7300233,9,23,male,0,0,0,0,0,0.989,0.011,0,35.65976528,139.7024314,76,70,ì˙,2019/12/8,1,1,ã{âvç‚
A7300234,9,25,male,0,0,0,0,0,0.998,0.001,0.001,35.65946889,139.7025008,64,70,ì˙,2019/12/8,1,1,ã{âvç‚
A7300235,9,24,female,0,0,0,0,0,0.998,0,0.002,35.65947417,139.702495,48,70,ì˙,2019/12/8,1,1,ã{âvç‚
A7300236,9,22,male,0.001,0.006,0.001,0,0.034,0.951,0.006,0,35.65947417,139.702495,52,70,ì˙,2019/12/8,1,1,ã{âvç‚
A7300237,9,19,female,0.009,0.025,0.056,0.002,0.007,0.594,0.305,0.003,35.65949306,139.7025264,92,70,ì˙,2019/12/8,1,1,ã{âvç‚
A7300238,9,48,female,0.001,0.001,0,0,0.006,0.991,0,0,35.65952583,139.7025669,49,70,ì˙,2019/12/8,1,1,ã{âvç‚
A7300239,9,45,female,0,0,0,0,0.615,0.382,0.002,0,35.65952889,139.7025656,46,70,ì˙,2019/12/8,1,1,ã{âvç‚
A7300241,9,25,female,0.003,0.002,0,0.001,0.005,0.96,0.027,0.002,35.65945806,139.7026058,67,36,ì˙,2019/12/8,1,1,ã{âvç‚
A7300246,9,24,female,0,0.004,0,0.001,0,0.597,0.396,0.001,35.65957861,139.7024608,87,35,ì˙,2019/12/8,1,1,ã{âvç‚
A7300250,9,18,female,0,0,0,0,0,0.942,0.058,0,35.65948945,139.7023661,72,34,ì˙,2019/12/8,1,1,ã{âvç‚
A7300254,9,23,female,0.003,0.266,0.001,0.001,0.003,0.712,0.012,0.002,35.65968222,139.7024117,56,40,ì˙,2019/12/8,1,1,ã{âvç‚
DSC01539,9,34,female,0,0,0,0,0,0.983,0.016,0,35.65938306,139.7022214,84,105,ìy,2019/12/7,2,1,ã{âvç‚
DSC01540,9,23,male,0,0,0,0,0.002,0.919,0,0.079,35.65940556,139.7022283,74,105,ìy,2019/12/7,2,1,ã{âvç‚
DSC01545,9,22,male,0.003,0.002,0,0,0,0.858,0.136,0,35.65948945,139.7025236,80,54,ìy,2019/12/7,2,1,ã{âvç‚
DSC01555,9,51,male,0,0,0,0,0.002,0.988,0.01,0,35.65965417,139.7022722,63,35,ìy,2019/12/7,2,1,ã{âvç‚
DSC01558,9,24,female,0,0,0,0,0.005,0.993,0.002,0,35.659495,139.7022114,58,40,ìy,2019/12/7,2,1,ã{âvç‚
DSC02554,9,29,male,0.116,0,0,0,0,0.882,0.001,0,35.65942583,139.7020283,60,39,ì˙,2019/12/8,3,1,ã{âvç‚
DSC02564,9,16,male,0,0,0,0,0,0.955,0.001,0.044,35.65947028,139.7021539,66,105,ì˙,2019/12/8,3,1,ã{âvç‚
DSC02565,9,26,female,0,0,0,0,0,0.757,0.243,0,35.65949611,139.7022667,74,66,ì˙,2019/12/8,3,1,ã{âvç‚
DSC02834,9,12,male,0,0,0,0,0,0.991,0,0.009,35.65951333,139.7021253,84,105,åé,2019/12/9,3,0,ã{âvç‚
DSC02842,9,40,male,0,0,0,0,0.028,0.967,0.002,0.003,35.65960556,139.7023533,61,105,åé,2019/12/9,3,0,ã{âvç‚
DSC02847,9,18,female,0,0.003,0,0.001,0,0.982,0.013,0.001,35.65955556,139.7021086,132,105,åé,2019/12/9,3,0,ã{âvç‚
DSD06146-1218,9,64,male,0.001,0,0,0,0.001,0.754,0.244,0,35.65953833,139.7026669,49,35,êÖ,2019/12/18,1,0,ã{âvç‚
DSD06147-1218,9,22,female,0,0,0,0,0,0.998,0,0.002,35.6594675,139.7027803,50,35,êÖ,2019/12/18,1,0,ã{âvç‚
DSD06151-1218,9,24,female,0.004,0.001,0.005,0.02,0.001,0.334,0.449,0.185,35.65942167,139.7021336,64,35,êÖ,2019/12/18,1,0,ã{âvç‚
DSD06155-1218,9,24,female,0.005,0.002,0.005,0,0.013,0.971,0.003,0,35.65938556,139.7022328,48,35,êÖ,2019/12/18,1,0,ã{âvç‚
DSD06232-1218,9,17,male,0,0,0,0,0,0.992,0.008,0,35.65971445,139.702225,43,35,êÖ,2019/12/18,2,0,ã{âvç‚
DSD06243-1218,9,25,female,0,0,0,0,0,0.997,0,0.003,35.65954667,139.7021747,77,35,êÖ,2019/12/18,2,0,ã{âvç‚
DSD06245-1218,9,24,male,0,0.001,0,0,0.067,0.932,0.001,0,35.65953889,139.7022744,49,35,êÖ,2019/12/18,2,0,ã{âvç‚
DSD06250-1218,9,66,male,0,0,0,0,0.008,0.992,0,0,35.65937528,139.7025486,118,35,êÖ,2019/12/18,2,0,ã{âvç‚
DSD06254-1218,9,22,female,0,0,0,0,0,0.999,0.001,0,35.6597106,139.702292,107,35,êÖ,2019/12/18,2,0,ã{âvç‚
DSD06255-1218,9,44,male,0,0,0,0,0,1,0,0,35.6597106,139.702292,45,35,êÖ,2019/12/18,2,0,ã{âvç‚
A7300222,10,24,female,0,0,0,0,0,0.991,0.008,0,35.65961083,139.7022903,57,70,ì˙,2019/12/8,1,1,ã{âvç‚
A7300223,10,24,female,0.001,0.002,0.008,0,0.006,0.958,0.024,0.001,35.65961528,139.7023628,51,70,ì˙,2019/12/8,1,1,ã{âvç‚
A7300224,10,24,male,0,0,0,0,0.011,0.988,0,0,35.65951389,139.7022131,53,43,ì˙,2019/12/8,1,1,ã{âvç‚
A7300225,10,33,female,0,0,0,0,0,0.989,0.009,0,35.659825,139.7022933,48,70,ì˙,2019/12/8,1,1,ã{âvç‚
A7300227,10,34,male,0,0.005,0,0,0.16,0.833,0.002,0,35.65977528,139.70232,53,49,ì˙,2019/12/8,1,1,ã{âvç‚
A7300228,10,19,male,0,0,0,0,0,0.969,0.031,0,35.65941583,139.7022667,73,62,ì˙,2019/12/8,1,1,ã{âvç‚
A7300230,10,22,male,0,0,0,0,0,0.998,0.001,0,35.65970222,139.7025433,99,70,ì˙,2019/12/8,1,1,ã{âvç‚
A7300231,10,28,female,0,0,0,0,0,0.997,0.003,0,35.6596925,139.7025483,39,70,ì˙,2019/12/8,1,1,ã{âvç‚
A7300233,10,18,male,0,0,0,0,0,1,0,0,35.65976528,139.7024314,75,70,ì˙,2019/12/8,1,1,ã{âvç‚
A7300234,10,28,male,0,0.001,0,0,0,0.994,0.005,0,35.65946889,139.7025008,60,70,ì˙,2019/12/8,1,1,ã{âvç‚
A7300235,10,21,female,0.002,0,0.001,0.001,0.031,0.647,0.315,0.002,35.65947417,139.702495,48,70,ì˙,2019/12/8,1,1,ã{âvç‚
A7300236,10,24,male,0,0,0,0,0,0.992,0.008,0,35.65947417,139.702495,52,70,ì˙,2019/12/8,1,1,ã{âvç‚
A7300237,10,31,male,0,0,0,0,0,0.752,0.247,0,35.65949306,139.7025264,92,70,ì˙,2019/12/8,1,1,ã{âvç‚
A7300238,10,40,male,0.001,0,0,0,0,0.983,0.016,0,35.65952583,139.7025669,46,70,ì˙,2019/12/8,1,1,ã{âvç‚
A7300239,10,33,male,0,0,0,0,0,0.97,0.029,0,35.65952889,139.7025656,46,70,ì˙,2019/12/8,1,1,ã{âvç‚
A7300246,10,47,male,0.001,0,0,0,0.002,0.962,0.033,0.002,35.65957861,139.7024608,86,35,ì˙,2019/12/8,1,1,ã{âvç‚
A7300250,10,20,female,0,0,0,0,1,0,0,0,35.65948945,139.7023661,72,34,ì˙,2019/12/8,1,1,ã{âvç‚
A7300254,10,18,female,0,0,0,0,0,0.999,0.001,0,35.65968222,139.7024117,56,40,ì˙,2019/12/8,1,1,ã{âvç‚
DSC01539,10,48,male,0,0,0,0,0,0.985,0.014,0,35.65938306,139.7022214,84,105,ìy,2019/12/7,2,1,ã{âvç‚
DSC01540,10,23,female,0,0,0,0,0.002,0.887,0.005,0.106,35.65940556,139.7022283,72,105,ìy,2019/12/7,2,1,ã{âvç‚
DSC01545,10,44,male,0,0.003,0,0,0,0.979,0.016,0.001,35.65948945,139.7025236,79,54,ìy,2019/12/7,2,1,ã{âvç‚
DSC01555,10,54,female,0.001,0,0,0.008,0,0.017,0,0.973,35.65965417,139.7022722,40,35,ìy,2019/12/7,2,1,ã{âvç‚
DSC01558,10,30,female,0.029,0,0,0,0,0.963,0.005,0.002,35.659495,139.7022114,57,40,ìy,2019/12/7,2,1,ã{âvç‚
DSC02554,10,25,female,0.001,0,0,0.006,0.001,0.889,0.003,0.099,35.65942583,139.7020283,60,39,ì˙,2019/12/8,3,1,ã{âvç‚
DSC02564,10,15,female,0,0,0,0.002,0,0.827,0.001,0.169,35.65947028,139.7021539,66,105,ì˙,2019/12/8,3,1,ã{âvç‚
DSC02565,10,30,female,0,0,0,0.024,0,0.258,0.001,0.717,35.65949611,139.7022667,74,66,ì˙,2019/12/8,3,1,ã{âvç‚
DSC02834,10,7,female,0,0,0,0,0,1,0,0,35.65951333,139.7021253,82,105,åé,2019/12/9,3,0,ã{âvç‚
DSC02847,10,18,female,0,0,0,0,1,0,0,0,35.65955556,139.7021086,132,105,åé,2019/12/9,3,0,ã{âvç‚
DSD06146-1218,10,20,male,0,0,0,0,0,0.999,0.001,0,35.65953833,139.7026669,48,35,êÖ,2019/12/18,1,0,ã{âvç‚
DSD06147-1218,10,14,female,0,0,0,0,0.002,0.998,0,0,35.6594675,139.7027803,50,35,êÖ,2019/12/18,1,0,ã{âvç‚
DSD06151-1218,10,40,male,0,0,0,0,0,0.997,0.003,0,35.65942167,139.7021336,62,35,êÖ,2019/12/18,1,0,ã{âvç‚
DSD06155-1218,10,19,female,0.001,0,0,0,0,0.99,0.008,0,35.65938556,139.7022328,48,35,êÖ,2019/12/18,1,0,ã{âvç‚
DSD06232-1218,10,21,female,0,0,0,0,0,0.998,0.002,0,35.65971445,139.702225,41,35,êÖ,2019/12/18,2,0,ã{âvç‚
DSD06243-1218,10,3,male,0,0,0,0,0.003,0.977,0,0.02,35.65954667,139.7021747,62,35,êÖ,2019/12/18,2,0,ã{âvç‚
DSD06245-1218,10,34,male,0,0,0,0,0,0.991,0.009,0,35.65953889,139.7022744,49,35,êÖ,2019/12/18,2,0,ã{âvç‚
DSD06250-1218,10,36,female,0,0,0,0,0.001,0.999,0,0,35.65937528,139.7025486,52,35,êÖ,2019/12/18,2,0,ã{âvç‚
DSD06254-1218,10,17,female,0,0,0,0,0,0.998,0.001,0,35.6597106,139.702292,86,35,êÖ,2019/12/18,2,0,ã{âvç‚
DSD06255-1218,10,34,male,0,0,0,0,0.001,0.999,0,0,35.6597106,139.702292,41,35,êÖ,2019/12/18,2,0,ã{âvç‚
A7300222,11,25,female,0.001,0.001,0,0,0.079,0.85,0.069,0,35.65961083,139.7022903,57,70,ì˙,2019/12/8,1,1,ã{âvç‚
A7300223,11,17,female,0,0,0,0,0,0.999,0.001,0,35.65961528,139.7023628,51,70,ì˙,2019/12/8,1,1,ã{âvç‚
A7300225,11,28,female,0,0,0,0.002,0,0.922,0.042,0.034,35.659825,139.7022933,48,70,ì˙,2019/12/8,1,1,ã{âvç‚
A7300227,11,30,male,0,0.003,0,0.001,0,0.99,0.003,0.003,35.65977528,139.70232,53,49,ì˙,2019/12/8,1,1,ã{âvç‚
A7300228,11,31,female,0.001,0.001,0.003,0.001,0.009,0.866,0.107,0.011,35.65941583,139.7022667,53,62,ì˙,2019/12/8,1,1,ã{âvç‚
A7300230,11,29,male,0.025,0.001,0,0,0,0.964,0.009,0,35.65970222,139.7025433,89,70,ì˙,2019/12/8,1,1,ã{âvç‚
A7300231,11,24,female,0,0,0,0,0,0.989,0.011,0,35.6596925,139.7025483,38,70,ì˙,2019/12/8,1,1,ã{âvç‚
A7300233,11,23,female,0,0,0,0,0,0.976,0.024,0,35.65976528,139.7024314,74,70,ì˙,2019/12/8,1,1,ã{âvç‚
A7300234,11,28,male,0,0,0,0,0.001,0.995,0.004,0,35.65946889,139.7025008,60,70,ì˙,2019/12/8,1,1,ã{âvç‚
A7300235,11,33,male,0,0,0,0,1,0,0,0,35.65947417,139.702495,47,70,ì˙,2019/12/8,1,1,ã{âvç‚
A7300236,11,28,female,0,0,0,0,0.001,0.998,0.001,0,35.65947417,139.702495,50,70,ì˙,2019/12/8,1,1,ã{âvç‚
A7300237,11,30,female,0.001,0,0,0,0,0.944,0.055,0,35.65949306,139.7025264,88,70,ì˙,2019/12/8,1,1,ã{âvç‚
A7300239,11,31,female,0,0,0,0,0.003,0.992,0.002,0.004,35.65952889,139.7025656,45,70,ì˙,2019/12/8,1,1,ã{âvç‚
A7300246,11,20,female,0.001,0.003,0,0,0,0.927,0.068,0.001,35.65957861,139.7024608,82,35,ì˙,2019/12/8,1,1,ã{âvç‚
A7300250,11,23,female,0.001,0.003,0.002,0,0.422,0.572,0.001,0,35.65948945,139.7023661,68,34,ì˙,2019/12/8,1,1,ã{âvç‚
A7300254,11,34,male,0.001,0.003,0,0,0,0.994,0.003,0,35.65968222,139.7024117,53,40,ì˙,2019/12/8,1,1,ã{âvç‚
DSC01539,11,19,male,0,0,0,0,0,0.999,0.001,0,35.65938306,139.7022214,82,105,ìy,2019/12/7,2,1,ã{âvç‚
DSC01545,11,30,male,0.002,0.001,0.002,0.178,0,0.647,0.008,0.162,35.65948945,139.7025236,79,54,ìy,2019/12/7,2,1,ã{âvç‚
DSC01558,11,24,female,0.001,0.001,0.001,0.002,0.107,0.812,0.004,0.071,35.659495,139.7022114,57,40,ìy,2019/12/7,2,1,ã{âvç‚
DSC02554,11,48,male,0,0,0,0,0,1,0,0,35.65942583,139.7020283,57,39,ì˙,2019/12/8,3,1,ã{âvç‚
DSC02564,11,26,male,0,0,0,0,0.996,0.001,0.003,0,35.65947028,139.7021539,65,105,ì˙,2019/12/8,3,1,ã{âvç‚
DSC02565,11,25,male,0,0.002,0,0,0.001,0.99,0.004,0.003,35.65949611,139.7022667,72,66,ì˙,2019/12/8,3,1,ã{âvç‚
DSC02834,11,26,female,0,0,0,0,0.999,0.001,0,0,35.65951333,139.7021253,79,105,åé,2019/12/9,3,0,ã{âvç‚
DSC02847,11,62,male,0,0,0,0,0,0.991,0,0.009,35.65955556,139.7021086,129,105,åé,2019/12/9,3,0,ã{âvç‚
DSD06146-1218,11,17,female,0,0,0,0,0,0.994,0.006,0,35.65953833,139.7026669,48,35,êÖ,2019/12/18,1,0,ã{âvç‚
DSD06151-1218,11,22,female,0,0,0,0,0.002,0.998,0.001,0,35.65942167,139.7021336,59,35,êÖ,2019/12/18,1,0,ã{âvç‚
DSD06155-1218,11,52,male,0,0,0.002,0,0.017,0.199,0.782,0,35.65938556,139.7022328,47,35,êÖ,2019/12/18,1,0,ã{âvç‚
DSD06232-1218,11,37,female,0,0,0,0,0,1,0,0,35.65971445,139.702225,41,35,êÖ,2019/12/18,2,0,ã{âvç‚
DSD06245-1218,11,44,male,0,0,0,0,0,0.999,0,0,35.65953889,139.7022744,49,35,êÖ,2019/12/18,2,0,ã{âvç‚
DSD06254-1218,11,21,female,0,0,0,0,0.019,0.977,0.003,0,35.6597106,139.702292,82,35,êÖ,2019/12/18,2,0,ã{âvç‚
A7300222,12,25,male,0,0.002,0,0,0.749,0.24,0.007,0.001,35.65961083,139.7022903,50,70,ì˙,2019/12/8,1,1,ã{âvç‚
A7300223,12,25,female,0,0,0,0,1,0,0,0,35.65961528,139.7023628,50,70,ì˙,2019/12/8,1,1,ã{âvç‚
A7300225,12,29,male,0,0,0,0,0,1,0,0,35.659825,139.7022933,47,70,ì˙,2019/12/8,1,1,ã{âvç‚
A7300227,12,21,male,0,0,0,0,0,0.998,0.002,0,35.65977528,139.70232,53,49,ì˙,2019/12/8,1,1,ã{âvç‚
A7300228,12,52,female,0,0,0,0,0.006,0.984,0.002,0.007,35.65941583,139.7022667,42,62,ì˙,2019/12/8,1,1,ã{âvç‚
A7300230,12,23,male,0.003,0,0,0,0,0.793,0.204,0,35.65970222,139.7025433,89,70,ì˙,2019/12/8,1,1,ã{âvç‚
A7300231,12,28,male,0,0,0,0,0.005,0.994,0,0,35.6596925,139.7025483,37,70,ì˙,2019/12/8,1,1,ã{âvç‚
A7300233,12,19,female,0,0,0,0,0,0.998,0.002,0,35.65976528,139.7024314,73,70,ì˙,2019/12/8,1,1,ã{âvç‚
A7300234,12,22,female,0.014,0.001,0.002,0,0.002,0.888,0.092,0,35.65946889,139.7025008,60,70,ì˙,2019/12/8,1,1,ã{âvç‚
A7300235,12,17,female,0,0.002,0,0,0.003,0.989,0.006,0,35.65947417,139.702495,46,70,ì˙,2019/12/8,1,1,ã{âvç‚
A7300236,12,32,male,0.001,0.001,0,0,0.005,0.986,0.009,0,35.65947417,139.702495,50,70,ì˙,2019/12/8,1,1,ã{âvç‚
A7300237,12,25,female,0.001,0,0.001,0,0.001,0.812,0.179,0.005,35.65949306,139.7025264,82,70,ì˙,2019/12/8,1,1,ã{âvç‚
A7300239,12,50,male,0,0,0,0,0.003,0.988,0.007,0.002,35.65952889,139.7025656,45,70,ì˙,2019/12/8,1,1,ã{âvç‚
A7300246,12,19,female,0,0.004,0.001,0,0.472,0.522,0.001,0,35.65957861,139.7024608,81,35,ì˙,2019/12/8,1,1,ã{âvç‚
A7300250,12,24,female,0.001,0.001,0.002,0.009,0.08,0.2,0.704,0.004,35.65948945,139.7023661,68,34,ì˙,2019/12/8,1,1,ã{âvç‚
A7300254,12,22,female,0,0,0,0,0,0.993,0.007,0,35.65968222,139.7024117,52,40,ì˙,2019/12/8,1,1,ã{âvç‚
DSC01539,12,18,female,0,0,0,0,0,0.999,0,0.001,35.65938306,139.7022214,81,105,ìy,2019/12/7,2,1,ã{âvç‚
DSC01545,12,23,female,0,0,0,0,0.999,0.001,0,0,35.65948945,139.7025236,78,54,ìy,2019/12/7,2,1,ã{âvç‚
DSC01558,12,19,male,0,0,0,0,0,0.999,0,0.001,35.659495,139.7022114,56,40,ìy,2019/12/7,2,1,ã{âvç‚
DSC02554,12,31,male,0.001,0,0,0,0.015,0.979,0.001,0.004,35.65942583,139.7020283,56,39,ì˙,2019/12/8,3,1,ã{âvç‚
DSC02564,12,20,female,0,0,0,0,0.253,0.74,0.006,0,35.65947028,139.7021539,56,105,ì˙,2019/12/8,3,1,ã{âvç‚
DSC02565,12,26,female,0,0.001,0,0,0.168,0.823,0.007,0,35.65949611,139.7022667,69,66,ì˙,2019/12/8,3,1,ã{âvç‚
DSC02575,12,29,female,0.003,0,0.001,0,0.016,0.973,0.005,0.001,35.65945667,139.7023475,56,105,ì˙,2019/12/8,3,1,ã{âvç‚
DSC02847,12,19,male,0,0,0,0.001,0.001,0.755,0.004,0.238,35.65955556,139.7021086,129,105,åé,2019/12/9,3,0,ã{âvç‚
DSD06146-1218,12,19,female,0,0.001,0,0,0.908,0.091,0.001,0,35.65953833,139.7026669,48,35,êÖ,2019/12/18,1,0,ã{âvç‚
DSD06151-1218,12,26,male,0.001,0.048,0,0,0,0.939,0.012,0,35.65942167,139.7021336,54,35,êÖ,2019/12/18,1,0,ã{âvç‚
DSD06155-1218,12,31,female,0.002,0.118,0.002,0,0.025,0.825,0.027,0.001,35.65938556,139.7022328,46,35,êÖ,2019/12/18,1,0,ã{âvç‚
DSD06232-1218,12,14,male,0,0,0,0,0,0.999,0,0,35.65971445,139.702225,40,35,êÖ,2019/12/18,2,0,ã{âvç‚
DSD06245-1218,12,35,male,0,0.107,0.002,0,0.423,0.464,0.003,0,35.65953889,139.7022744,48,35,êÖ,2019/12/18,2,0,ã{âvç‚
DSD06254-1218,12,41,male,0.004,0,0.001,0,0.003,0.988,0.005,0,35.6597106,139.702292,49,35,êÖ,2019/12/18,2,0,ã{âvç‚
A7300223,13,20,female,0,0,0,0,0,0.993,0.001,0.005,35.65961528,139.7023628,50,70,ì˙,2019/12/8,1,1,ã{âvç‚
A7300225,13,23,female,0.001,0,0.001,0.002,0.031,0.84,0.016,0.108,35.659825,139.7022933,47,70,ì˙,2019/12/8,1,1,ã{âvç‚
A7300227,13,23,female,0.001,0,0,0,0,0.974,0.024,0,35.65977528,139.70232,53,49,ì˙,2019/12/8,1,1,ã{âvç‚
A7300230,13,38,female,0,0,0,0,0,0.997,0.001,0.002,35.65970222,139.7025433,88,70,ì˙,2019/12/8,1,1,ã{âvç‚
A7300233,13,25,female,0.001,0,0,0,0.001,0.903,0.095,0,35.65976528,139.7024314,72,70,ì˙,2019/12/8,1,1,ã{âvç‚
A7300234,13,25,female,0,0,0,0,0,0.994,0.006,0,35.65946889,139.7025008,58,70,ì˙,2019/12/8,1,1,ã{âvç‚
A7300235,13,20,female,0,0,0,0,0.004,0.995,0.001,0,35.65947417,139.702495,46,70,ì˙,2019/12/8,1,1,ã{âvç‚
A7300236,13,23,male,0.001,0,0,0,0,0.965,0.034,0,35.65947417,139.702495,49,70,ì˙,2019/12/8,1,1,ã{âvç‚
A7300237,13,20,female,0,0,0,0,0,0.968,0.032,0,35.65949306,139.7025264,76,70,ì˙,2019/12/8,1,1,ã{âvç‚
A7300246,13,12,female,0,0,0,0,0.999,0.001,0,0,35.65957861,139.7024608,75,35,ì˙,2019/12/8,1,1,ã{âvç‚
A7300250,13,42,male,0,0,0,0,0,0.998,0.001,0.001,35.65948945,139.7023661,65,34,ì˙,2019/12/8,1,1,ã{âvç‚
A7300254,13,23,female,0,0,0,0,0,0.81,0.19,0,35.65968222,139.7024117,48,40,ì˙,2019/12/8,1,1,ã{âvç‚
DSC01539,13,21,female,0,0,0,0,0.005,0.991,0.004,0.001,35.65938306,139.7022214,78,105,ìy,2019/12/7,2,1,ã{âvç‚
DSC01545,13,15,female,0.001,0.001,0,0,0,0.996,0.001,0,35.65948945,139.7025236,77,54,ìy,2019/12/7,2,1,ã{âvç‚
DSC01558,13,24,female,0.005,0.002,0.003,0,0.435,0.549,0.004,0.001,35.659495,139.7022114,41,40,ìy,2019/12/7,2,1,ã{âvç‚
DSC02554,13,24,female,0,0,0,0,0.002,0.998,0,0,35.65942583,139.7020283,52,39,ì˙,2019/12/8,3,1,ã{âvç‚
DSC02565,13,19,female,0.003,0.001,0,0,0.002,0.979,0.014,0,35.65949611,139.7022667,66,66,ì˙,2019/12/8,3,1,ã{âvç‚
DSD06146-1218,13,15,female,0,0,0,0,0,0.998,0.002,0,35.65953833,139.7026669,47,35,êÖ,2019/12/18,1,0,ã{âvç‚
DSD06151-1218,13,29,female,0,0,0,0,0,0.998,0.001,0.001,35.65942167,139.7021336,51,35,êÖ,2019/12/18,1,0,ã{âvç‚
DSD06155-1218,13,43,female,0,0,0,0,0.025,0.973,0.002,0,35.65938556,139.7022328,46,35,êÖ,2019/12/18,1,0,ã{âvç‚
DSD06232-1218,13,5,female,0,0,0,0,0,0.995,0.005,0,35.65971445,139.702225,39,35,êÖ,2019/12/18,2,0,ã{âvç‚
DSD06245-1218,13,25,male,0,0,0,0,0,0.992,0.008,0,35.65953889,139.7022744,48,35,êÖ,2019/12/18,2,0,ã{âvç‚
A7300223,14,26,male,0,0,0,0,0.948,0.037,0.015,0,35.65961528,139.7023628,48,70,ì˙,2019/12/8,1,1,ã{âvç‚
A7300225,14,49,male,0,0,0,0,0,0.999,0.001,0,35.659825,139.7022933,47,70,ì˙,2019/12/8,1,1,ã{âvç‚
A7300227,14,37,female,0,0,0,0,0,1,0,0,35.65977528,139.70232,52,49,ì˙,2019/12/8,1,1,ã{âvç‚
A7300230,14,22,female,0,0,0,0,0,0.997,0.002,0,35.65970222,139.7025433,87,70,ì˙,2019/12/8,1,1,ã{âvç‚
A7300233,14,23,female,0,0,0,0,0.001,0.987,0.011,0,35.65976528,139.7024314,71,70,ì˙,2019/12/8,1,1,ã{âvç‚
A7300234,14,20,female,0,0,0,0,0,0.978,0.022,0,35.65946889,139.7025008,57,70,ì˙,2019/12/8,1,1,ã{âvç‚
A7300236,14,36,male,0.009,0,0.002,0,0.001,0.968,0.02,0,35.65947417,139.702495,48,70,ì˙,2019/12/8,1,1,ã{âvç‚
A7300237,14,20,female,0,0,0,0,0,0.999,0.001,0,35.65949306,139.7025264,71,70,ì˙,2019/12/8,1,1,ã{âvç‚
A7300238,14,21,female,0.004,0,0.001,0.004,0.253,0.606,0.046,0.086,35.65952583,139.7025669,41,70,ì˙,2019/12/8,1,1,ã{âvç‚
A7300246,14,45,male,0,0,0,0,0,0.969,0,0.03,35.65957861,139.7024608,72,35,ì˙,2019/12/8,1,1,ã{âvç‚
A7300250,14,5,male,0,0,0,0,0.001,0.991,0.005,0.003,35.65948945,139.7023661,64,34,ì˙,2019/12/8,1,1,ã{âvç‚
A7300254,14,28,female,0,0,0,0,0.001,0.949,0.002,0.047,35.65968222,139.7024117,46,40,ì˙,2019/12/8,1,1,ã{âvç‚
DSC01539,14,25,male,0,0,0,0.002,0,0.975,0.002,0.019,35.65938306,139.7022214,77,105,ìy,2019/12/7,2,1,ã{âvç‚
DSC01545,14,33,male,0,0,0,0,0,1,0,0,35.65948945,139.7025236,77,54,ìy,2019/12/7,2,1,ã{âvç‚
DSC02554,14,19,female,0.007,0,0.004,0.003,0.698,0.132,0.09,0.066,35.65942583,139.7020283,44,39,ì˙,2019/12/8,3,1,ã{âvç‚
DSC02565,14,8,female,0,0,0,0,0.999,0,0,0.001,35.65949611,139.7022667,65,66,ì˙,2019/12/8,3,1,ã{âvç‚
DSC02572,14,28,male,0,0,0,0,0,0.998,0.001,0,35.65957722,139.7024539,40,105,ì˙,2019/12/8,3,1,ã{âvç‚
DSD06146-1218,14,22,male,0,0,0,0,0.003,0.994,0,0.003,35.65953833,139.7026669,46,35,êÖ,2019/12/18,1,0,ã{âvç‚
DSD06151-1218,14,24,male,0,0,0,0,0.039,0.96,0,0.001,35.65942167,139.7021336,47,35,êÖ,2019/12/18,1,0,ã{âvç‚
DSD06155-1218,14,27,male,0.001,0,0,0,0,0.894,0.105,0,35.65938556,139.7022328,46,35,êÖ,2019/12/18,1,0,ã{âvç‚
DSD06232-1218,14,22,female,0,0,0,0,0.001,0.931,0,0.068,35.65971445,139.702225,37,35,êÖ,2019/12/18,2,0,ã{âvç‚
DSD06245-1218,14,24,female,0,0,0,0,0.961,0.039,0,0,35.65953889,139.7022744,46,35,êÖ,2019/12/18,2,0,ã{âvç‚
A7300223,15,33,male,0,0,0,0,0.867,0.132,0.001,0,35.65961528,139.7023628,48,70,ì˙,2019/12/8,1,1,ã{âvç‚
A7300225,15,25,male,0,0,0,0,0,1,0,0,35.659825,139.7022933,47,70,ì˙,2019/12/8,1,1,ã{âvç‚
A7300227,15,47,male,0,0,0,0,0,0.884,0.116,0,35.65977528,139.70232,52,49,ì˙,2019/12/8,1,1,ã{âvç‚
A7300230,15,30,male,0,0,0,0,0,0.999,0.001,0,35.65970222,139.7025433,72,70,ì˙,2019/12/8,1,1,ã{âvç‚
A7300233,15,22,female,0.001,0,0,0,0,0.957,0.041,0,35.65976528,139.7024314,69,70,ì˙,2019/12/8,1,1,ã{âvç‚
A7300234,15,23,female,0,0,0,0,0,0.924,0.075,0,35.65946889,139.7025008,55,70,ì˙,2019/12/8,1,1,ã{âvç‚
A7300236,15,26,male,0.001,0,0,0,0,0.998,0.001,0,35.65947417,139.702495,48,70,ì˙,2019/12/8,1,1,ã{âvç‚
A7300237,15,32,male,0,0,0,0,1,0,0,0,35.65949306,139.7025264,63,70,ì˙,2019/12/8,1,1,ã{âvç‚
A7300238,15,22,female,0,0,0,0,0.63,0.369,0.001,0,35.65952583,139.7025669,38,70,ì˙,2019/12/8,1,1,ã{âvç‚
A7300246,15,21,male,0.007,0,0,0.001,0,0.963,0.008,0.019,35.65957861,139.7024608,71,35,ì˙,2019/12/8,1,1,ã{âvç‚
A7300250,15,18,male,0.001,0.008,0.004,0,0.035,0.947,0.005,0,35.65948945,139.7023661,62,34,ì˙,2019/12/8,1,1,ã{âvç‚
A7300254,15,35,male,0,0,0,0,0,0.993,0.007,0,35.65968222,139.7024117,43,40,ì˙,2019/12/8,1,1,ã{âvç‚
DSC01539,15,11,female,0.001,0,0,0,0,0.979,0.02,0,35.65938306,139.7022214,77,105,ìy,2019/12/7,2,1,ã{âvç‚
DSC01545,15,23,female,0.001,0,0,0.006,0.001,0.944,0.005,0.044,35.65948945,139.7025236,69,54,ìy,2019/12/7,2,1,ã{âvç‚
DSC02554,15,16,female,0,0,0,0,0,0.997,0,0.002,35.65942583,139.7020283,43,39,ì˙,2019/12/8,3,1,ã{âvç‚
DSC02565,15,35,male,0,0,0,0,0,0.998,0.001,0,35.65949611,139.7022667,64,66,ì˙,2019/12/8,3,1,ã{âvç‚
DSC02572,15,22,male,0.001,0,0,0,0,0.991,0.001,0.006,35.65957722,139.7024539,38,105,ì˙,2019/12/8,3,1,ã{âvç‚
DSD06146-1218,15,31,female,0,0,0,0,0,0.994,0.006,0,35.65953833,139.7026669,45,35,êÖ,2019/12/18,1,0,ã{âvç‚
DSD06151-1218,15,24,female,0,0,0,0,0,0.998,0.002,0,35.65942167,139.7021336,45,35,êÖ,2019/12/18,1,0,ã{âvç‚
DSD06155-1218,15,46,female,0,0.001,0,0,0.014,0.971,0.014,0,35.65938556,139.7022328,42,35,êÖ,2019/12/18,1,0,ã{âvç‚
DSD06232-1218,15,18,female,0,0,0,0,0,0.996,0.002,0,35.65971445,139.702225,37,35,êÖ,2019/12/18,2,0,ã{âvç‚
DSD06245-1218,15,45,female,0,0,0,0,0,0.973,0.027,0,35.65953889,139.7022744,46,35,êÖ,2019/12/18,2,0,ã{âvç‚
A7300223,16,50,female,0,0,0,0,0,0.998,0.001,0,35.65961528,139.7023628,47,70,ì˙,2019/12/8,1,1,ã{âvç‚
A7300225,16,30,male,0,0,0,0,0,0.999,0.001,0,35.659825,139.7022933,46,70,ì˙,2019/12/8,1,1,ã{âvç‚
A7300227,16,25,female,0.013,0.024,0.035,0,0.004,0.91,0.012,0.001,35.65977528,139.70232,52,49,ì˙,2019/12/8,1,1,ã{âvç‚
A7300233,16,30,male,0,0.009,0,0,0.111,0.88,0,0,35.65976528,139.7024314,68,70,ì˙,2019/12/8,1,1,ã{âvç‚
A7300234,16,22,female,0.003,0,0,0,0.001,0.647,0.347,0.001,35.65946889,139.7025008,54,70,ì˙,2019/12/8,1,1,ã{âvç‚
A7300236,16,26,female,0,0,0,0,0,0.999,0.001,0,35.65947417,139.702495,47,70,ì˙,2019/12/8,1,1,ã{âvç‚
A7300239,16,27,female,0,0,0,0,0.104,0.853,0.042,0,35.65952889,139.7025656,41,70,ì˙,2019/12/8,1,1,ã{âvç‚
A7300246,16,31,male,0.069,0,0.002,0,0.146,0.779,0.003,0.001,35.65957861,139.7024608,65,35,ì˙,2019/12/8,1,1,ã{âvç‚
A7300250,16,25,male,0,0,0,0,1,0,0,0,35.65948945,139.7023661,59,34,ì˙,2019/12/8,1,1,ã{âvç‚
A7300254,16,36,male,0,0,0,0,0,1,0,0,35.65968222,139.7024117,41,40,ì˙,2019/12/8,1,1,ã{âvç‚
DSC01539,16,21,female,0.043,0.001,0.019,0.084,0.002,0.15,0.008,0.693,35.65938306,139.7022214,76,105,ìy,2019/12/7,2,1,ã{âvç‚
DSC02554,16,33,male,0,0,0,0,0.732,0.263,0.004,0.001,35.65942583,139.7020283,43,39,ì˙,2019/12/8,3,1,ã{âvç‚
DSC02565,16,23,female,0,0,0,0,0.001,0.987,0,0.011,35.65949611,139.7022667,62,66,ì˙,2019/12/8,3,1,ã{âvç‚
DSC02575,16,45,male,0.001,0,0,0,0.001,0.97,0.004,0.024,35.65945667,139.7023475,49,105,ì˙,2019/12/8,3,1,ã{âvç‚
DSD06146-1218,16,26,female,0,0,0,0,0,0.985,0.013,0.001,35.65953833,139.7026669,41,35,êÖ,2019/12/18,1,0,ã{âvç‚
DSD06155-1218,16,29,male,0,0,0,0,0.957,0.043,0,0,35.65938556,139.7022328,42,35,êÖ,2019/12/18,1,0,ã{âvç‚
DSD06245-1218,16,32,male,0,0,0,0,0,0.959,0.041,0,35.65953889,139.7022744,45,35,êÖ,2019/12/18,2,0,ã{âvç‚
A7300223,17,21,female,0,0,0,0,0,0.99,0.009,0,35.65961528,139.7023628,47,70,ì˙,2019/12/8,1,1,ã{âvç‚
A7300225,17,29,female,0.001,0,0.001,0.003,0.004,0.804,0.159,0.027,35.659825,139.7022933,46,70,ì˙,2019/12/8,1,1,ã{âvç‚
A7300227,17,38,male,0,0,0,0,0,0.692,0.307,0,35.65977528,139.70232,52,49,ì˙,2019/12/8,1,1,ã{âvç‚
A7300233,17,16,female,0,0,0,0,0.99,0.009,0.001,0,35.65976528,139.7024314,62,70,ì˙,2019/12/8,1,1,ã{âvç‚
A7300234,17,24,female,0,0,0,0,0,0.998,0.001,0,35.65946889,139.7025008,53,70,ì˙,2019/12/8,1,1,ã{âvç‚
A7300235,17,23,male,0.001,0,0,0,0.007,0.98,0.01,0.003,35.65947417,139.702495,39,70,ì˙,2019/12/8,1,1,ã{âvç‚
A7300236,17,27,male,0,0,0,0,0.008,0.988,0,0.003,35.65947417,139.702495,47,70,ì˙,2019/12/8,1,1,ã{âvç‚
A7300239,17,27,female,0,0,0,0,0.002,0.991,0.006,0,35.65952889,139.7025656,41,70,ì˙,2019/12/8,1,1,ã{âvç‚
A7300246,17,22,male,0.001,0,0,0.001,0.715,0.26,0.021,0.001,35.65957861,139.7024608,62,35,ì˙,2019/12/8,1,1,ã{âvç‚
A7300250,17,32,male,0,0,0,0,0,0.999,0,0,35.65948945,139.7023661,55,34,ì˙,2019/12/8,1,1,ã{âvç‚
DSC01539,17,25,female,0,0,0,0,0.003,0.996,0,0,35.65938306,139.7022214,76,105,ìy,2019/12/7,2,1,ã{âvç‚
DSC02554,17,34,male,0,0,0,0,0.001,0.985,0.014,0,35.65942583,139.7020283,42,39,ì˙,2019/12/8,3,1,ã{âvç‚
DSC02565,17,23,female,0,0,0,0,0,0.999,0.001,0,35.65949611,139.7022667,53,66,ì˙,2019/12/8,3,1,ã{âvç‚
DSD06155-1218,17,23,female,0,0,0,0,0.002,0.998,0,0,35.65938556,139.7022328,41,35,êÖ,2019/12/18,1,0,ã{âvç‚
DSD06245-1218,17,22,male,0,0,0,0,0,0.999,0.001,0,35.65953889,139.7022744,45,35,êÖ,2019/12/18,2,0,ã{âvç‚
A7300223,18,34,female,0,0.002,0,0,0.256,0.736,0.006,0,35.65961528,139.7023628,47,70,ì˙,2019/12/8,1,1,ã{âvç‚
A7300225,18,23,female,0,0,0,0,0,0.99,0.009,0.001,35.659825,139.7022933,46,70,ì˙,2019/12/8,1,1,ã{âvç‚
A7300227,18,17,male,0,0,0,0,0.908,0.092,0,0,35.65977528,139.70232,57,49,ì˙,2019/12/8,1,1,ã{âvç‚
A7300233,18,24,female,0.002,0.004,0.08,0,0.056,0.648,0.21,0,35.65976528,139.7024314,58,70,ì˙,2019/12/8,1,1,ã{âvç‚
A7300234,18,27,female,0,0.001,0,0,0,0.992,0.007,0,35.65946889,139.7025008,53,70,ì˙,2019/12/8,1,1,ã{âvç‚
A7300236,18,24,female,0,0.001,0,0,0.874,0.123,0.001,0,35.65947417,139.702495,47,70,ì˙,2019/12/8,1,1,ã{âvç‚
A7300246,18,22,female,0.002,0.001,0.001,0.002,0.295,0.669,0.004,0.025,35.65957861,139.7024608,59,35,ì˙,2019/12/8,1,1,ã{âvç‚
A7300250,18,21,female,0,0,0,0,0,0.983,0.017,0,35.65948945,139.7023661,50,34,ì˙,2019/12/8,1,1,ã{âvç‚
DSC01539,18,3,male,0,0,0,0,0,0.347,0,0.653,35.65938306,139.7022214,72,105,ìy,2019/12/7,2,1,ã{âvç‚
DSC02565,18,18,male,0.004,0,0,0,0,0.98,0.001,0.015,35.65949611,139.7022667,52,66,ì˙,2019/12/8,3,1,ã{âvç‚
DSD06155-1218,18,27,male,0,0,0,0,0.654,0.346,0,0,35.65938556,139.7022328,40,35,êÖ,2019/12/18,1,0,ã{âvç‚
DSD06245-1218,18,41,male,0,0,0,0,0.001,0.994,0.005,0,35.65953889,139.7022744,44,35,êÖ,2019/12/18,2,0,ã{âvç‚
A7300223,19,47,female,0,0,0,0,0,1,0,0,35.65961528,139.7023628,47,70,ì˙,2019/12/8,1,1,ã{âvç‚
A7300225,19,22,female,0,0,0,0,0,0.996,0.004,0,35.659825,139.7022933,46,70,ì˙,2019/12/8,1,1,ã{âvç‚
A7300227,19,33,male,0,0,0,0,0,0.999,0.001,0,35.65977528,139.70232,51,49,ì˙,2019/12/8,1,1,ã{âvç‚
A7300233,19,20,female,0,0,0,0,0.996,0.001,0.003,0,35.65976528,139.7024314,58,70,ì˙,2019/12/8,1,1,ã{âvç‚
A7300234,19,22,female,0,0.001,0,0.001,0.044,0.775,0.178,0.001,35.65946889,139.7025008,53,70,ì˙,2019/12/8,1,1,ã{âvç‚
A7300236,19,19,female,0,0,0,0,0.001,0.998,0,0.001,35.65947417,139.702495,47,70,ì˙,2019/12/8,1,1,ã{âvç‚
DSC02565,19,24,female,0,0,0,0,0.99,0.009,0,0,35.65949611,139.7022667,47,66,ì˙,2019/12/8,3,1,ã{âvç‚
DSD06245-1218,19,21,male,0,0,0,0,0,1,0,0,35.65953889,139.7022744,44,35,êÖ,2019/12/18,2,0,ã{âvç‚
A7300223,20,36,female,0,0.001,0,0,0.563,0.426,0.01,0,35.65961528,139.7023628,46,70,ì˙,2019/12/8,1,1,ã{âvç‚
A7300225,20,39,female,0,0.004,0,0,0,0.887,0.106,0.001,35.659825,139.7022933,45,70,ì˙,2019/12/8,1,1,ã{âvç‚
A7300227,20,36,male,0,0,0,0,0.006,0.99,0.004,0,35.65977528,139.70232,51,49,ì˙,2019/12/8,1,1,ã{âvç‚
A7300233,20,20,male,0.005,0,0,0,0.959,0.016,0.02,0,35.65976528,139.7024314,48,70,ì˙,2019/12/8,1,1,ã{âvç‚
A7300234,20,26,female,0.001,0,0,0.001,0,0.966,0.005,0.027,35.65946889,139.7025008,52,70,ì˙,2019/12/8,1,1,ã{âvç‚
A7300236,20,18,female,0,0,0,0,0,0.991,0,0.009,35.65947417,139.702495,46,70,ì˙,2019/12/8,1,1,ã{âvç‚
A7300246,20,32,male,0,0,0,0,0.192,0.806,0.002,0,35.65957861,139.7024608,55,35,ì˙,2019/12/8,1,1,ã{âvç‚
DSC02565,20,42,female,0.001,0,0,0,0.541,0.456,0.001,0,35.65949611,139.7022667,45,66,ì˙,2019/12/8,3,1,ã{âvç‚
DSD06245-1218,20,21,male,0,0,0,0,0,0.995,0.005,0,35.65953889,139.7022744,43,35,êÖ,2019/12/18,2,0,ã{âvç‚
A7300223,21,36,female,0,0,0,0.005,0,0.529,0.001,0.464,35.65961528,139.7023628,46,70,ì˙,2019/12/8,1,1,ã{âvç‚
A7300225,21,25,female,0,0,0,0,0.007,0.991,0.001,0,35.659825,139.7022933,45,70,ì˙,2019/12/8,1,1,ã{âvç‚
A7300227,21,33,female,0,0.036,0,0,0.208,0.754,0.001,0.001,35.65977528,139.70232,48,49,ì˙,2019/12/8,1,1,ã{âvç‚
A7300233,21,18,female,0,0,0,0,0.557,0.434,0.007,0.002,35.65976528,139.7024314,43,70,ì˙,2019/12/8,1,1,ã{âvç‚
A7300234,21,33,female,0,0,0,0,0.514,0.481,0.003,0.001,35.65946889,139.7025008,51,70,ì˙,2019/12/8,1,1,ã{âvç‚
A7300236,21,17,female,0,0.001,0,0,0.065,0.883,0.051,0,35.65947417,139.702495,44,70,ì˙,2019/12/8,1,1,ã{âvç‚
A7300246,21,15,female,0,0,0,0,0.208,0.788,0.003,0,35.65957861,139.7024608,54,35,ì˙,2019/12/8,1,1,ã{âvç‚
DSC02565,21,24,female,0,0,0,0,0.001,0.991,0.005,0.002,35.65949611,139.7022667,40,66,ì˙,2019/12/8,3,1,ã{âvç‚
DSD06245-1218,21,47,male,0,0,0,0,0.001,0.999,0,0,35.65953889,139.7022744,42,35,êÖ,2019/12/18,2,0,ã{âvç‚
A7300223,22,25,female,0,0,0,0,0,0.977,0.023,0,35.65961528,139.7023628,45,70,ì˙,2019/12/8,1,1,ã{âvç‚
A7300225,22,36,female,0,0,0,0,0,0.987,0.005,0.007,35.659825,139.7022933,45,70,ì˙,2019/12/8,1,1,ã{âvç‚
A7300227,22,39,female,0,0,0,0,0,1,0,0,35.65977528,139.70232,48,49,ì˙,2019/12/8,1,1,ã{âvç‚
A7300246,22,43,male,0,0,0,0,0.025,0.975,0,0,35.65957861,139.7024608,40,35,ì˙,2019/12/8,1,1,ã{âvç‚
DSD06245-1218,22,22,female,0,0,0,0,0.135,0.846,0.018,0.001,35.65953889,139.7022744,42,35,êÖ,2019/12/18,2,0,ã{âvç‚
A7300223,23,43,male,0,0,0,0,0.001,0.996,0.003,0,35.65961528,139.7023628,45,70,ì˙,2019/12/8,1,1,ã{âvç‚
A7300225,23,28,male,0.001,0,0,0,0.013,0.983,0.002,0,35.659825,139.7022933,45,70,ì˙,2019/12/8,1,1,ã{âvç‚
A7300227,23,30,male,0.001,0.001,0.001,0.001,0,0.961,0.006,0.028,35.65977528,139.70232,47,49,ì˙,2019/12/8,1,1,ã{âvç‚
A7300236,23,23,female,0,0,0,0,0.001,0.998,0.001,0,35.65947417,139.702495,44,70,ì˙,2019/12/8,1,1,ã{âvç‚
A7300246,23,17,female,0,0,0,0,0,0.997,0.002,0,35.65957861,139.7024608,39,35,ì˙,2019/12/8,1,1,ã{âvç‚
DSD06245-1218,23,18,female,0,0,0,0,0,0.956,0.043,0,35.65953889,139.7022744,41,35,êÖ,2019/12/18,2,0,ã{âvç‚
A7300223,24,24,male,0,0.003,0,0,0.849,0.148,0,0,35.65961528,139.7023628,44,70,ì˙,2019/12/8,1,1,ã{âvç‚
A7300225,24,25,male,0,0,0,0,0,0.999,0,0.001,35.659825,139.7022933,44,70,ì˙,2019/12/8,1,1,ã{âvç‚
A7300227,24,23,female,0,0,0,0,0,0.982,0.018,0,35.65977528,139.70232,46,49,ì˙,2019/12/8,1,1,ã{âvç‚
A7300236,24,38,male,0,0,0,0,0.002,0.98,0.017,0,35.65947417,139.702495,43,70,ì˙,2019/12/8,1,1,ã{âvç‚
DSD06245-1218,24,48,male,0,0,0,0,0,0.994,0.005,0,35.65953889,139.7022744,40,35,êÖ,2019/12/18,2,0,ã{âvç‚
A7300223,25,23,female,0,0,0,0,0.001,0.997,0.002,0,35.65961528,139.7023628,44,70,ì˙,2019/12/8,1,1,ã{âvç‚
A7300225,25,51,male,0,0,0,0,0,0.986,0.014,0,35.659825,139.7022933,43,70,ì˙,2019/12/8,1,1,ã{âvç‚
A7300227,25,35,male,0,0,0,0,0.21,0.789,0,0,35.65977528,139.70232,46,49,ì˙,2019/12/8,1,1,ã{âvç‚
A7300236,25,18,female,0,0,0,0,0.001,0.99,0.001,0.008,35.65947417,139.702495,42,70,ì˙,2019/12/8,1,1,ã{âvç‚
DSD06245-1218,25,30,female,0,0,0,0,0.001,0.995,0.004,0,35.65953889,139.7022744,37,35,êÖ,2019/12/18,2,0,ã{âvç‚
A7300225,26,22,female,0,0,0,0,0.012,0.979,0.008,0,35.659825,139.7022933,43,70,ì˙,2019/12/8,1,1,ã{âvç‚
A7300227,26,25,female,0,0.001,0,0,0.096,0.747,0.155,0,35.65977528,139.70232,46,49,ì˙,2019/12/8,1,1,ã{âvç‚
DSD06245-1218,26,27,male,0,0.083,0,0,0,0.908,0.008,0,35.65953889,139.7022744,37,35,êÖ,2019/12/18,2,0,ã{âvç‚
A7300227,27,50,female,0,0,0,0,0.489,0.504,0.006,0,35.65977528,139.70232,46,49,ì˙,2019/12/8,1,1,ã{âvç‚
A7300236,27,26,male,0,0,0,0,0.006,0.912,0.082,0,35.65947417,139.702495,40,70,ì˙,2019/12/8,1,1,ã{âvç‚
DSD06245-1218,27,25,male,0,0,0,0,0.001,0.998,0.001,0,35.65953889,139.7022744,37,35,êÖ,2019/12/18,2,0,ã{âvç‚
A7300227,28,32,female,0.002,0.001,0,0,0.02,0.974,0.003,0,35.65977528,139.70232,46,49,ì˙,2019/12/8,1,1,ã{âvç‚
A7300227,29,14,female,0,0,0,0,0,0.996,0.003,0,35.65977528,139.70232,46,49,ì˙,2019/12/8,1,1,ã{âvç‚
A7300227,30,36,female,0,0,0,0,0,1,0,0,35.65977528,139.70232,45,49,ì˙,2019/12/8,1,1,ã{âvç‚
A7300227,31,67,male,0,0,0,0,0,0.978,0.021,0,35.65977528,139.70232,44,49,ì˙,2019/12/8,1,1,ã{âvç‚
A7300227,32,23,female,0.005,0.001,0,0,0,0.965,0.027,0,35.65977528,139.70232,44,49,ì˙,2019/12/8,1,1,ã{âvç‚
A7300227,33,31,female,0,0,0,0,0.629,0.366,0.003,0.001,35.65977528,139.70232,43,49,ì˙,2019/12/8,1,1,ã{âvç‚
A7300227,34,37,female,0,0,0,0,0.001,0.981,0.007,0.011,35.65977528,139.70232,42,49,ì˙,2019/12/8,1,1,ã{âvç‚
,,,,,,,,,,,,,,,,,,,,
,,,,,,,,,,,,,,,,,,,,
,,,,,,,,,,,,,,,,,,,,
,,,,,,,,,,,,,,,,,,,,
,,,,,,,,,,,,,,,,,,,,
,,,,,,,,,,,,,,,,,,,,
,,,,,,,,,,,,,,,,,,,,
,,,,,,,,,,,,,,,,,,,,
,,,,,,,,,,,,,,,,,,,,
,,,,,,,,,,,,,,,,,,,,
,,,,,,,,,,,,,,,,,,,,
