filename,order,age,gender,anger,comtempt,disgust,fear,happiness,neutral,sadness,surprise,Lat,Lon,âÊëúÉTÉCÉY,35mmä∑éZ,ójì˙,ì˙ït,éûä‘ë—,male_tf,happy_tf,distance,èÍèä
DSD06706-1221,1,45,female,0,0,0,0,0,0.998,0.001,0,35.73473496,139.7366747,54,35,ìy,2019/12/21,2,0,0,16.64919753,4
DSD06706-1221,2,63,male,0,0,0,0,0,0.976,0.024,0,35.73473496,139.7366747,53,35,ìy,2019/12/21,2,1,0,17.85418239,4
DSD06706-1221,3,65,female,0.002,0.008,0,0,0,0.978,0.009,0.002,35.73473496,139.7366747,50,35,ìy,2019/12/21,2,0,0,17.97833333,4
DSD06706-1221,4,22,female,0,0,0,0,0.09,0.908,0.001,0,35.73473496,139.7366747,38,35,ìy,2019/12/21,2,0,0,23.64464912,4
DSD06707-1221,1,34,male,0,0,0,0,0.006,0.985,0.006,0.002,35.73479286,139.7365048,235,35,ìy,2019/12/21,2,1,0,4.053794326,4
DSD06707-1221,2,32,female,0,0.001,0,0,0.511,0.449,0.004,0.035,35.73479286,139.7365048,68,35,ìy,2019/12/21,2,0,1,13.22862745,4
DSD06707-1221,3,20,female,0.016,0.003,0.062,0.001,0.212,0.681,0.02,0.004,35.73479286,139.7365048,47,35,ìy,2019/12/21,2,0,0,19.12365248,4
DSD06707-1221,4,23,male,0.001,0,0,0,0.303,0.656,0.037,0.003,35.73479286,139.7365048,44,35,ìy,2019/12/21,2,1,0,21.49901515,4
DSD06707-1221,5,13,female,0,0,0,0,0.001,0.998,0.001,0,35.73479286,139.7365048,42,35,ìy,2019/12/21,2,0,0,21.39611111,4
DSD06707-1221,6,26,male,0,0,0,0,0.058,0.941,0.001,0,35.73479286,139.7365048,41,35,ìy,2019/12/21,2,1,0,23.06955285,4
DSD06707-1221,7,35,female,0,0,0,0,0.002,0.998,0,0,35.73479286,139.7365048,37,35,ìy,2019/12/21,2,0,0,24.28274775,4
DSD06708-1221,1,55,female,0,0,0,0,0.996,0.004,0,0,35.73492392,139.7363223,258,35,ìy,2019/12/21,2,0,1,3.512390181,4
DSD06708-1221,2,53,male,0,0.001,0,0,0.035,0.727,0.236,0,35.73492392,139.7363223,129,35,ìy,2019/12/21,2,1,0,7.356059432,4
DSD06708-1221,3,31,female,0,0,0,0,0,0.984,0.016,0,35.73492392,139.7363223,105,35,ìy,2019/12/21,2,0,0,8.579444444,4
DSD06708-1221,4,26,female,0,0,0,0,0,1,0,0,35.73492392,139.7363223,66,35,ìy,2019/12/21,2,0,0,13.62843434,4
DSD06709-1221,1,51,male,0.001,0.049,0,0,0.001,0.944,0.005,0,35.73515425,139.7359153,360,35,ìy,2019/12/21,2,1,0,2.65837963,4
DSD06709-1221,2,29,male,0,0.002,0,0,0.383,0.613,0.001,0,35.73515425,139.7359153,124,35,ìy,2019/12/21,2,1,0,7.651263441,4
DSD06709-1221,3,58,male,0.001,0.001,0.001,0,0.038,0.91,0.043,0.005,35.73515425,139.7359153,106,35,ìy,2019/12/21,2,1,0,8.944591195,4
DSD06709-1221,4,21,female,0,0,0,0,0,0.851,0.149,0,35.73515425,139.7359153,49,35,ìy,2019/12/21,2,0,0,18.34452381,4
DSD06710-1221,1,36,male,0,0.026,0,0,0,0.724,0.25,0,35.73537338,139.7354053,244,35,ìy,2019/12/21,2,1,0,3.905560109,4
DSD06710-1221,2,3,female,0,0,0,0,0.116,0.032,0.002,0.85,35.73537338,139.7354053,106,35,ìy,2019/12/21,2,0,0,8.498836478,4
DSD06710-1221,3,51,female,0,0,0,0,0.002,0.998,0,0,35.73537338,139.7354053,51,35,ìy,2019/12/21,2,0,0,17.62650327,4
DSD06711-1221,1,51,female,0.003,0,0.001,0.005,0,0.299,0.566,0.125,35.73552976,139.7351402,151,35,ìy,2019/12/21,2,0,0,5.976501104,4
DSD06711-1221,2,54,female,0,0.001,0.001,0.001,0.009,0.943,0.009,0.036,35.73552976,139.7351402,135,35,ìy,2019/12/21,2,0,0,6.680679012,4
DSD06711-1221,3,55,male,0,0.017,0,0,0,0.981,0.002,0,35.73552976,139.7351402,126,35,ìy,2019/12/21,2,1,0,7.53037037,4
DSD06711-1221,4,27,male,0,0.002,0,0,0.048,0.95,0,0,35.73552976,139.7351402,82,35,ìy,2019/12/21,2,1,0,11.55227642,4
DSD06711-1221,5,26,male,0,0,0,0,0.973,0.024,0.002,0,35.73552976,139.7351402,79,35,ìy,2019/12/21,2,1,1,11.98964135,4
DSD06711-1221,6,22,female,0.005,0,0.001,0,0.337,0.647,0.004,0.005,35.73552976,139.7351402,75,35,ìy,2019/12/21,2,0,0,11.99722222,4
DSD06711-1221,7,22,male,0,0,0,0,0.966,0.032,0.001,0,35.73552976,139.7351402,43,35,ìy,2019/12/21,2,1,1,21.99817829,4
DSD06711-1221,8,63,male,0,0,0,0,0,1,0,0,35.73552976,139.7351402,41,35,ìy,2019/12/21,2,1,0,23.06955285,4
DSD06712-1221,1,44,female,0,0,0,0,0,0.998,0.002,0.001,35.73572285,139.7348341,101,35,ìy,2019/12/21,2,0,0,8.917838284,4
DSD06712-1221,2,39,male,0,0,0,0,0,1,0,0,35.73572285,139.7348341,56,35,ìy,2019/12/21,2,1,0,16.89958333,4
DSD06712-1221,3,36,male,0,0,0,0,0,0.995,0.005,0,35.73572285,139.7348341,51,35,ìy,2019/12/21,2,1,0,18.55297386,4
DSD06712-1221,4,54,female,0,0,0,0,0,0.995,0.005,0,35.73572285,139.7348341,51,35,ìy,2019/12/21,2,0,0,17.62650327,4
DSD06712-1221,5,46,female,0,0,0,0,0,0.991,0.004,0.004,35.73572285,139.7348341,46,35,ìy,2019/12/21,2,0,0,19.53862319,4
DSD06712-1221,6,31,female,0,0,0,0,0.001,0.972,0.026,0,35.73572285,139.7348341,42,35,ìy,2019/12/21,2,0,0,21.39611111,4
DSD06713-1221,1,51,male,0,0,0,0,0,0.997,0.003,0,35.73580884,139.7347206,168,35,ìy,2019/12/21,2,1,0,5.656527778,4
DSD06713-1221,2,58,male,0,0,0,0,0,0.997,0.002,0,35.73580884,139.7347206,59,35,ìy,2019/12/21,2,1,0,16.04206215,4
DSD06713-1221,3,54,female,0,0,0,0,0.004,0.99,0.001,0.004,35.73580884,139.7347206,50,35,ìy,2019/12/21,2,0,0,17.97833333,4
DSD06713-1221,4,31,female,0,0,0,0,0.434,0.562,0.001,0.002,35.73580884,139.7347206,39,35,ìy,2019/12/21,2,0,0,23.0392735,4
DSD06714-1221,1,55,female,0,0,0,0,0,0.81,0.189,0,35.73592299,139.7345493,182,35,ìy,2019/12/21,2,0,0,4.964487179,4
DSD06714-1221,2,21,female,0,0,0,0,0.999,0.001,0,0,35.73592299,139.7345493,80,35,ìy,2019/12/21,2,0,1,11.24958333,4
DSD06714-1221,3,23,female,0,0,0,0,0.957,0.011,0.001,0.031,35.73592299,139.7345493,71,35,ìy,2019/12/21,2,0,1,12.67115023,4
DSD06714-1221,4,40,female,0.001,0,0,0,0.461,0.533,0.002,0.003,35.73592299,139.7345493,48,35,ìy,2019/12/21,2,0,0,18.72597222,4
DSD06715-1221,1,22,female,0,0,0,0,0.002,0.994,0.003,0.001,35.73603527,139.7343796,57,35,ìy,2019/12/21,2,0,0,15.77476608,4
DSD06715-1221,2,24,female,0,0,0,0,0,0.91,0.089,0.001,35.73603527,139.7343796,54,35,ìy,2019/12/21,2,0,0,16.64919753,4
DSD06715-1221,3,52,female,0,0,0,0,0,0.807,0.193,0,35.73603527,139.7343796,50,35,ìy,2019/12/21,2,0,0,17.97833333,4
DSD06716-1221,1,68,male,0,0.001,0,0,0.003,0.994,0.001,0,35.73631956,139.7339679,79,35,ìy,2019/12/21,2,1,0,11.98964135,4
DSD06716-1221,2,22,female,0,0.003,0,0,0,0.997,0,0,35.73631956,139.7339679,70,35,ìy,2019/12/21,2,0,0,12.85166667,4
DSD06717-1221,1,33,female,0,0,0,0,0,0.999,0.001,0,35.73652354,139.7336796,189,35,ìy,2019/12/21,2,0,0,4.78191358,4
DSD06717-1221,2,27,female,0.001,0.001,0,0,0,0.952,0.046,0,35.73652354,139.7336796,130,35,ìy,2019/12/21,2,0,0,6.936282051,4
DSD06717-1221,3,19,female,0,0,0,0,0.003,0.99,0.007,0,35.73652354,139.7336796,106,35,ìy,2019/12/21,2,0,0,8.498836478,4
DSD06717-1221,4,23,female,0,0,0,0,0,0.987,0,0.012,35.73652354,139.7336796,65,35,ìy,2019/12/21,2,0,0,13.8375641,4
DSD06718-1221,1,53,female,0,0.001,0,0,0,0.981,0.017,0.001,35.73663815,139.7335317,132,35,ìy,2019/12/21,2,0,0,6.831717172,4
DSD06718-1221,2,30,male,0,0,0,0,0,0.654,0,0.345,35.73663815,139.7335317,128,35,ìy,2019/12/21,2,1,0,7.413255208,4
DSD06718-1221,3,39,male,0,0,0,0,0,0.999,0,0.001,35.73663815,139.7335317,99,35,ìy,2019/12/21,2,1,0,9.57456229,4
DSD06718-1221,4,32,male,0,0,0,0,0,0.833,0,0.167,35.73663815,139.7335317,73,35,ìy,2019/12/21,2,1,0,12.97221461,4
DSD06718-1221,5,25,female,0,0,0,0,0,0.999,0.001,0,35.73663815,139.7335317,63,35,ìy,2019/12/21,2,0,0,14.27574074,4
DSD06719-1221,1,28,female,0,0.001,0,0,0,0.484,0.515,0,35.736933,139.7331321,120,35,ìy,2019/12/21,2,0,0,7.511388889,4
DSD06719-1221,2,22,female,0,0,0,0,0.004,0.995,0.001,0,35.736933,139.7331321,52,35,ìy,2019/12/21,2,0,0,17.28820513,4
DSD06720-1221,1,44,female,0,0,0,0,0,0.994,0.006,0,35.73713204,139.7328505,207,35,ìy,2019/12/21,2,0,0,4.369138486,4
DSD06720-1221,2,18,female,0,0,0,0,0.001,0.891,0.106,0.001,35.73713204,139.7328505,192,35,ìy,2019/12/21,2,0,0,4.707743056,4
DSD06720-1221,3,53,male,0,0,0,0,0,0.737,0.263,0,35.73713204,139.7328505,141,35,ìy,2019/12/21,2,1,0,6.732990544,4
DSD06720-1221,4,27,male,0,0,0,0,0,1,0,0,35.73713204,139.7328505,39,35,ìy,2019/12/21,2,1,0,24.25081197,4
DSD06721-1221,1,28,male,0,0,0,0,0,0.999,0,0,35.73726451,139.7326358,79,35,ìy,2019/12/21,2,1,0,11.98964135,4
DSD06721-1221,2,22,female,0,0,0,0,0.003,0.996,0,0,35.73726451,139.7326358,65,35,ìy,2019/12/21,2,0,0,13.8375641,4
DSD06722-1221,1,22,male,0,0.001,0,0,0,0.998,0.001,0,35.7373721,139.7324848,82,35,ìy,2019/12/21,2,1,0,11.55227642,4
DSD06723-1221,1,30,male,0,0,0,0,0,0.999,0.001,0,35.73751443,139.7322498,148,35,ìy,2019/12/21,2,1,0,6.416193694,4
DSD06726-1221,1,39,female,0,0,0,0,0,0.999,0,0,35.73805852,139.7314946,49,35,ìy,2019/12/21,2,0,0,18.34452381,4
DSD06726-1221,2,60,male,0,0,0,0,0,0.99,0.01,0,35.73805852,139.7314946,44,35,ìy,2019/12/21,2,1,0,21.49901515,4
DSD06727-1221,1,27,female,0,0,0,0,0,0.987,0.006,0.007,35.73820765,139.7313022,78,35,ìy,2019/12/21,2,0,0,11.53713675,4
DSD06729-1221,1,49,male,0,0,0,0,0.006,0.971,0.022,0,35.73848528,139.7310214,143,35,ìy,2019/12/21,2,1,0,6.639312354,4
DSD06730-1221,1,50,male,0,0,0,0,0,0.996,0.004,0,35.738585,139.7309356,77,35,ìy,2019/12/21,2,1,0,12.30015152,4
DSD06731-1221,1,16,male,0,0,0,0,0,0.992,0.008,0,35.73887167,139.7305858,95,35,ìy,2019/12/21,2,1,0,9.97622807,4
DSD06731-1221,2,38,female,0,0,0,0,0.878,0.006,0.115,0.001,35.73887167,139.7305858,64,35,ìy,2019/12/21,2,0,1,14.05322917,4
DSD06731-1221,3,22,female,0,0.002,0,0,0.274,0.721,0.001,0.001,35.73887167,139.7305858,61,35,ìy,2019/12/21,2,0,0,14.74265027,4
DSD06731-1221,4,2,female,0,0,0,0,0.001,0.999,0,0,35.73887167,139.7305858,54,35,ìy,2019/12/21,2,0,0,16.64919753,4
DSD06731-1221,5,6,female,0,0,0,0,0,1,0,0,35.73887167,139.7305858,45,35,ìy,2019/12/21,2,0,0,19.97203704,4
DSD06732-1221,1,28,female,0.012,0.005,0.002,0,0.001,0.964,0.016,0,35.73898605,139.7304593,98,35,ìy,2019/12/21,2,0,0,9.189761905,4
DSD06732-1221,2,57,male,0,0.001,0,0,0.301,0.698,0.001,0,35.73898605,139.7304593,86,35,ìy,2019/12/21,2,1,0,11.01658915,4
DSD06733-1221,1,23,male,0,0,0,0,0,1,0,0,35.73883644,139.7306245,43,35,ìy,2019/12/21,2,1,0,21.99817829,4
DSD06734-1221,1,23,male,0,0,0,0,0,0.995,0.005,0,35.73857126,139.730889,58,35,ìy,2019/12/21,2,1,0,16.31804598,4
DSD06735-1221,1,52,female,0,0.001,0,0,0,0.932,0.067,0,35.73852195,139.7309797,128,35,ìy,2019/12/21,2,0,0,7.044114583,4
DSD06737-1221,1,55,male,0.001,0,0,0.003,0.035,0.077,0.007,0.878,35.73813556,139.7314089,49,35,ìy,2019/12/21,2,1,0,19.30880952,4
DSD06737-1221,2,22,female,0.001,0,0,0,0,0.996,0.003,0,35.73813556,139.7314089,46,35,ìy,2019/12/21,2,0,0,19.53862319,4
DSD06738-1221,1,41,female,0.001,0.003,0,0,0,0.979,0.017,0,35.73795695,139.7316225,38,35,ìy,2019/12/21,2,0,0,23.64464912,4
DSD06738-1221,2,19,female,0,0,0,0,0.002,0.998,0,0,35.73795695,139.7316225,37,35,ìy,2019/12/21,2,0,0,24.28274775,4
DSD06739-1221,1,70,male,0,0,0,0,0,0.904,0.096,0,35.73781361,139.7318136,196,35,ìy,2019/12/21,2,1,0,4.853452381,4
DSD06739-1221,2,27,male,0,0,0,0,0.823,0.176,0,0,35.73781361,139.7318136,103,35,ìy,2019/12/21,2,1,1,9.204093851,4
DSD06739-1221,3,19,female,0,0,0,0,0.854,0.145,0,0,35.73781361,139.7318136,97,35,ìy,2019/12/21,2,0,1,9.284140893,4
DSD06740-1221,1,52,female,0,0,0,0,0,0.85,0.149,0.001,35.73768417,139.7320975,73,35,ìy,2019/12/21,2,0,0,12.32495434,4
DSD06740-1221,2,43,female,0.001,0.001,0,0.007,0.004,0.885,0.012,0.089,35.73768417,139.7320975,71,35,ìy,2019/12/21,2,0,0,12.67115023,4
DSD06740-1221,3,60,female,0,0.001,0,0,0.003,0.976,0.001,0.019,35.73768417,139.7320975,44,35,ìy,2019/12/21,2,0,0,20.42515152,4
DSD06741-1221,1,23,male,0,0,0,0,0,0.931,0,0.069,35.73748967,139.7323093,38,35,ìy,2019/12/21,2,1,0,24.88807018,4
DSD06744-1221,1,36,male,0,0,0,0,0,0.99,0.009,0.001,35.73705806,139.7329567,67,35,ìy,2019/12/21,2,1,0,14.13077114,4
DSD06744-1221,2,40,male,0,0,0,0,0.001,0.997,0.002,0,35.73705806,139.7329567,62,35,ìy,2019/12/21,2,1,0,15.26752688,4
DSD06744-1221,3,27,female,0,0,0,0,0,0.999,0.001,0,35.73705806,139.7329567,56,35,ìy,2019/12/21,2,0,0,16.05583333,4
DSD06744-1221,4,7,male,0,0,0,0,0,0.987,0.012,0,35.73705806,139.7329567,56,35,ìy,2019/12/21,2,1,0,16.89958333,4
DSD06744-1221,5,6,male,0,0,0,0.012,0.003,0.007,0.048,0.93,35.73705806,139.7329567,51,35,ìy,2019/12/21,2,1,0,18.55297386,4
DSD06744-1221,6,0,female,0,0,0,0,0,0.998,0.002,0,35.73705806,139.7329567,42,35,ìy,2019/12/21,2,0,0,21.39611111,4
DSD06745-1221,1,65,male,0,0,0,0,0.001,0.812,0.014,0.173,35.73681351,139.7332474,54,35,ìy,2019/12/21,2,1,0,17.52419753,4
DSD06746-1221,1,23,female,0,0,0,0,0.426,0.572,0.001,0,35.73665972,139.7334803,53,35,ìy,2019/12/21,2,0,0,16.96267296,4
DSD06746-1221,2,22,female,0,0,0,0,0.981,0.019,0,0,35.73665972,139.7334803,46,35,ìy,2019/12/21,2,0,1,19.53862319,4
DSD06747-1221,1,62,female,0,0.01,0,0,0.011,0.974,0.004,0.002,35.73648528,139.7337531,131,35,ìy,2019/12/21,2,0,0,6.883600509,4
DSD06747-1221,2,19,female,0,0,0,0,0,0.988,0.011,0,35.73648528,139.7337531,79,35,ìy,2019/12/21,2,0,0,11.39154008,4
DSD06747-1221,3,22,female,0.002,0.002,0,0,0.001,0.992,0.004,0,35.73648528,139.7337531,78,35,ìy,2019/12/21,2,0,0,11.53713675,4
DSD06748-1221,1,3,female,0,0,0,0,0,0.998,0.001,0.001,35.73638972,139.7339664,73,35,ìy,2019/12/21,2,0,0,12.32495434,4
DSD06748-1221,2,28,female,0,0,0,0,0,0.999,0.001,0,35.73638972,139.7339664,49,35,ìy,2019/12/21,2,0,0,18.34452381,4
DSD06749-1221,1,27,male,0,0.001,0,0,0.205,0.793,0.001,0,35.73617611,139.7341644,370,35,ìy,2019/12/21,2,1,0,2.587477477,4
DSD06749-1221,2,24,female,0,0,0,0,0,1,0,0,35.73617611,139.7341644,174,35,ìy,2019/12/21,2,0,0,5.191130268,4
DSD06749-1221,3,22,male,0,0,0,0,0,0.987,0,0.013,35.73617611,139.7341644,67,35,ìy,2019/12/21,2,1,0,14.13077114,4
DSD06749-1221,4,44,female,0,0,0,0,0,0.999,0,0,35.73617611,139.7341644,40,35,ìy,2019/12/21,2,0,0,22.46416667,4
DSD06749-1221,5,17,male,0,0,0,0,0,0.998,0,0.002,35.73617611,139.7341644,38,35,ìy,2019/12/21,2,1,0,24.88807018,4
DSD06749-1221,6,22,female,0,0,0,0,0,1,0,0,35.73617611,139.7341644,36,35,ìy,2019/12/21,2,0,0,24.9562963,4
DSD06750-1221,1,53,male,0.001,0.001,0,0,0,0.991,0.002,0.006,35.73607583,139.7343308,125,35,ìy,2019/12/21,2,1,0,7.590333333,4
DSD06751-1221,1,42,female,0.004,0.006,0,0,0,0.965,0.024,0,35.73594472,139.7345256,73,35,ìy,2019/12/21,2,0,0,12.32495434,4
DSD06751-1221,2,54,male,0.001,0.001,0,0,0.001,0.963,0.034,0,35.73594472,139.7345256,54,35,ìy,2019/12/21,2,1,0,17.52419753,4
DSD06751-1221,3,25,female,0,0,0,0,1,0,0,0,35.73594472,139.7345256,40,35,ìy,2019/12/21,2,0,1,22.46416667,4
DSD06752-1221,1,61,male,0,0,0,0.001,0,0.919,0.003,0.077,35.73571861,139.7348917,86,35,ìy,2019/12/21,2,1,0,11.01658915,4
DSD06752-1221,2,27,female,0,0,0,0,0,0.846,0.154,0,35.73571861,139.7348917,82,35,ìy,2019/12/21,2,0,0,10.97605691,4
DSD06752-1221,3,20,male,0,0,0,0,0,0.999,0,0,35.73571861,139.7348917,79,35,ìy,2019/12/21,2,1,0,11.98964135,4
DSD06752-1221,4,22,female,0,0,0,0,0.995,0.004,0,0,35.73571861,139.7348917,72,35,ìy,2019/12/21,2,0,1,12.49564815,4
DSD06752-1221,5,34,male,0,0.002,0,0,0.392,0.606,0,0,35.73571861,139.7348917,49,35,ìy,2019/12/21,2,1,0,19.30880952,4
DSD06752-1221,6,35,male,0,0,0,0,0,0.997,0.003,0,35.73571861,139.7348917,39,35,ìy,2019/12/21,2,1,0,24.25081197,4
DSD06753-1221,1,20,male,0,0,0,0,0.001,0.994,0.004,0,35.73555388,139.7351018,77,35,ìy,2019/12/21,2,1,0,12.30015152,4
DSD06753-1221,2,26,female,0.001,0.002,0.002,0,0.334,0.661,0.001,0,35.73555388,139.7351018,70,35,ìy,2019/12/21,2,0,0,12.85166667,4
DSD06753-1221,3,58,male,0,0,0,0,0,0.997,0.001,0.002,35.73555388,139.7351018,44,35,ìy,2019/12/21,2,1,0,21.49901515,4
DSD06755-1221,1,54,male,0,0.001,0,0,0,0.891,0.106,0.001,35.73520445,139.7358077,297,35,ìy,2019/12/21,2,1,0,3.214854097,4
DSD06755-1221,2,49,female,0,0,0,0,0,0.981,0.018,0.001,35.73520445,139.7358077,287,35,ìy,2019/12/21,2,0,0,3.16101626,4
DSD06755-1221,3,62,female,0.004,0.001,0.01,0.001,0.017,0.875,0.087,0.005,35.73520445,139.7358077,72,35,ìy,2019/12/21,2,0,0,12.49564815,4
DSD06755-1221,4,20,female,0,0.003,0,0,0.861,0.132,0.004,0,35.73520445,139.7358077,51,35,ìy,2019/12/21,2,0,1,17.62650327,4
DSD06756-1221,1,36,female,0,0.001,0,0,0.354,0.639,0.005,0.001,35.73508528,139.7360539,232,35,ìy,2019/12/21,2,0,0,3.902097701,4
DSD06756-1221,2,35,male,0,0,0,0,0,0.988,0.011,0,35.73508528,139.7360539,216,35,ìy,2019/12/21,2,1,0,4.407299383,4
DSD06756-1221,3,18,female,0,0,0,0,0,0.997,0.003,0,35.73508528,139.7360539,165,35,ìy,2019/12/21,2,0,0,5.472373737,4
DSD06756-1221,4,41,female,0,0,0,0,0,0.951,0.004,0.045,35.73508528,139.7360539,92,35,ìy,2019/12/21,2,0,0,9.786811594,4
DSD06758-1221,2,25,female,0,0.001,0,0,0.085,0.913,0.001,0,35.73473603,139.7366071,81,35,ìy,2019/12/21,2,0,0,11.11113169,4
DSD06759-1221,1,20,female,0,0,0,0,0,0.996,0.002,0.001,35.73463575,139.7368192,261,35,ìy,2019/12/21,2,0,0,3.472420179,4
DSD06759-1221,2,26,male,0,0,0,0,0,1,0,0,35.73463575,139.7368192,260,35,ìy,2019/12/21,2,1,0,3.667371795,4
DSD06759-1221,3,64,male,0.002,0.002,0,0,0,0.995,0,0,35.73463575,139.7368192,152,35,ìy,2019/12/21,2,1,0,6.248267544,4
DSD06759-1221,4,39,female,0,0,0,0,0,0.977,0.006,0.016,35.73463575,139.7368192,144,35,ìy,2019/12/21,2,0,0,6.265324074,4
DSD06759-1221,5,64,male,0,0.003,0,0,0.001,0.944,0.052,0,35.73463575,139.7368192,140,35,ìy,2019/12/21,2,1,0,6.780833333,4
DSD06759-1221,6,46,female,0,0,0,0,0.014,0.44,0.546,0,35.73463575,139.7368192,114,35,ìy,2019/12/21,2,0,0,7.904883041,4
DSD06759-1221,7,18,female,0.008,0.001,0.001,0.003,0,0.933,0.03,0.024,35.73463575,139.7368192,100,35,ìy,2019/12/21,2,0,0,9.006666667,4
DSD06759-1221,8,24,female,0,0,0,0,0,0.999,0.001,0,35.73463575,139.7368192,74,35,ìy,2019/12/21,2,0,0,12.15887387,4
DSD07724-200111,1,52,female,0.002,0.001,0.001,0,0.099,0.892,0.005,0.001,35.73463229,139.7369062,77,35,ìy,2020/1/11,2,0,0,11.68651515,4
DSD07724-200111,2,17,female,0.002,0.001,0.001,0,0.002,0.921,0.072,0.001,35.73463229,139.7369062,69,35,ìy,2020/1/11,2,0,0,13.03741546,4
DSD07724-200111,3,1,male,0,0,0,0,0,0.987,0.013,0,35.73463229,139.7369062,52,35,ìy,2020/1/11,2,1,0,18.19685897,4
DSD07724-200111,4,20,male,0.001,0,0,0,0.023,0.958,0.017,0,35.73463229,139.7369062,51,35,ìy,2020/1/11,2,1,0,18.55297386,4
DSD07724-200111,5,51,female,0,0,0,0,0,0.981,0,0.018,35.73463229,139.7369062,50,35,ìy,2020/1/11,2,0,0,17.97833333,4
DSD07724-200111,6,26,female,0,0,0,0,0.002,0.967,0.001,0.03,35.73463229,139.7369062,48,35,ìy,2020/1/11,2,0,0,18.72597222,4
DSD07724-200111,7,58,male,0,0,0,0,0.001,0.995,0.004,0,35.73463229,139.7369062,38,35,ìy,2020/1/11,2,1,0,24.88807018,4
DSD07724-200111,8,29,male,0,0,0,0,0,0.838,0,0.162,35.73463229,139.7369062,37,35,ìy,2020/1/11,2,1,0,25.55977477,4
DSD07725-200111,1,10,female,0,0,0,0.001,0,0.795,0.142,0.061,35.73472156,139.7367089,201,35,ìy,2020/1/11,2,0,0,4.498515755,4
DSD07725-200111,2,36,male,0,0,0,0,0.968,0.031,0,0,35.73472156,139.7367089,184,35,ìy,2020/1/11,2,1,1,5.167699275,4
DSD07725-200111,3,19,male,0,0,0,0,0.949,0.049,0.001,0.001,35.73472156,139.7367089,162,35,ìy,2020/1/11,2,1,1,5.86473251,4
DSD07725-200111,4,24,female,0,0,0.002,0.001,0,0.364,0.631,0.001,35.73472156,139.7367089,115,35,ìy,2020/1/11,2,0,0,7.836449275,4
DSD07725-200111,5,19,female,0,0.001,0.001,0,0.499,0.495,0.004,0,35.73472156,139.7367089,108,35,ìy,2020/1/11,2,0,1,8.342098765,4
DSD07725-200111,6,22,female,0.001,0.001,0.001,0,0,0.668,0.329,0,35.73472156,139.7367089,65,35,ìy,2020/1/11,2,0,0,13.8375641,4
DSD07725-200111,7,31,female,0,0,0,0,0.995,0.004,0,0,35.73472156,139.7367089,44,35,ìy,2020/1/11,2,0,1,20.42515152,4
DSD07725-200111,8,22,female,0,0,0,0,0.003,0.994,0.003,0,35.73472156,139.7367089,43,35,ìy,2020/1/11,2,0,0,20.89934109,4
DSD07725-200111,9,19,female,0,0.001,0,0,0.608,0.391,0,0,35.73472156,139.7367089,38,35,ìy,2020/1/11,2,0,1,23.64464912,4
DSD07725-200111,10,45,female,0.001,0,0,0.001,0.005,0.771,0.003,0.218,35.73472156,139.7367089,36,35,ìy,2020/1/11,2,0,0,24.9562963,4
DSD07726-200111,1,43,female,0,0,0,0,0,0.998,0.002,0,35.73484178,139.7364601,223,35,ìy,2020/1/11,2,0,0,4.058168909,4
DSD07726-200111,2,32,female,0,0,0,0,1,0,0,0,35.73484178,139.7364601,44,35,ìy,2020/1/11,2,0,1,20.42515152,4
DSD07726-200111,3,30,female,0,0,0,0,0.007,0.992,0,0.001,35.73484178,139.7364601,43,35,ìy,2020/1/11,2,0,0,20.89934109,4
DSD07726-200111,4,54,female,0,0,0,0.001,0.051,0.861,0.001,0.086,35.73484178,139.7364601,37,35,ìy,2020/1/11,2,0,0,24.28274775,4
DSD07727-200111,1,34,female,0,0,0,0,0.001,0.903,0.095,0.001,35.73496585,139.7362619,164,35,ìy,2020/1/11,2,0,0,5.505528455,4
DSD07727-200111,2,51,female,0,0,0,0,0,0.855,0.144,0.001,35.73496585,139.7362619,160,35,ìy,2020/1/11,2,0,0,5.642291667,4
DSD07727-200111,3,25,female,0,0,0,0,0,0.967,0.031,0.002,35.73496585,139.7362619,73,35,ìy,2020/1/11,2,0,0,12.32495434,4
DSD07727-200111,4,57,female,0,0,0,0,0,0.968,0.031,0,35.73496585,139.7362619,60,35,ìy,2020/1/11,2,0,0,14.98777778,4
DSD07727-200111,5,46,male,0,0,0,0,0,0.993,0.007,0,35.73496585,139.7362619,38,35,ìy,2020/1/11,2,1,0,24.88807018,4
DSD07728-200111,1,28,female,0,0,0.001,0,0.016,0.696,0.286,0,35.7351272,139.7359415,150,35,ìy,2020/1/11,2,0,0,6.016111111,4
DSD07728-200111,2,27,male,0,0,0,0,0,0.992,0.007,0,35.7351272,139.7359415,94,35,ìy,2020/1/11,2,1,0,10.08198582,4
DSD07728-200111,3,52,female,0,0,0,0,0,0.988,0,0.011,35.7351272,139.7359415,56,35,ìy,2020/1/11,2,0,0,16.05583333,4
DSD07729-200111,1,52,male,0,0,0,0,0.001,0.994,0.005,0,35.73522678,139.7357408,51,35,ìy,2020/1/11,2,1,0,18.55297386,4
DSD07729-200111,2,25,female,0,0,0,0,0,0.994,0.006,0,35.73522678,139.7357408,48,35,ìy,2020/1/11,2,0,0,18.72597222,4
DSD07729-200111,3,43,female,0,0,0,0,0.004,0.993,0.003,0,35.73522678,139.7357408,46,35,ìy,2020/1/11,2,0,0,19.53862319,4
DSD07729-200111,4,32,female,0.007,0,0.002,0.156,0.004,0.351,0.014,0.464,35.73522678,139.7357408,42,35,ìy,2020/1/11,2,0,0,21.39611111,4
DSD07730-200111,1,62,female,0,0,0,0,0,0.989,0.01,0,35.73536806,139.7354973,186,35,ìy,2020/1/11,2,0,0,4.858476703,4
DSD07730-200111,2,38,male,0,0,0,0,1,0,0,0,35.73536806,139.7354973,143,35,ìy,2020/1/11,2,1,1,6.639312354,4
DSD07730-200111,3,45,female,0,0.001,0,0.001,0,0.94,0.048,0.01,35.73536806,139.7354973,140,35,ìy,2020/1/11,2,0,0,6.443333333,4
DSD07730-200111,4,36,male,0,0,0,0,0.042,0.104,0.853,0,35.73536806,139.7354973,123,35,ìy,2020/1/11,2,1,0,7.713184282,4
DSD07730-200111,5,46,female,0.002,0,0,0,0.001,0.991,0.001,0.005,35.73536806,139.7354973,90,35,ìy,2020/1/11,2,0,0,10.00351852,4
DSD07730-200111,6,45,female,0,0,0,0,0.001,0.972,0.027,0,35.73536806,139.7354973,84,35,ìy,2020/1/11,2,0,0,10.71555556,4
DSD07730-200111,7,64,female,0,0,0,0,0,0.993,0.007,0,35.73536806,139.7354973,62,35,ìy,2020/1/11,2,0,0,14.50543011,4
DSD07730-200111,8,21,female,0.001,0.001,0,0,0,0.987,0.01,0,35.73536806,139.7354973,52,35,ìy,2020/1/11,2,0,0,17.28820513,4
DSD07730-200111,9,24,male,0,0.006,0,0,0.112,0.882,0,0,35.73536806,139.7354973,40,35,ìy,2020/1/11,2,1,0,23.64541667,4
DSD07730-200111,10,31,male,0,0,0,0,0,1,0,0,35.73536806,139.7354973,38,35,ìy,2020/1/11,2,1,0,24.88807018,4
DSD07730-200111,11,30,female,0.007,0,0,0,0.036,0.947,0.002,0.008,35.73536806,139.7354973,38,35,ìy,2020/1/11,2,0,0,23.64464912,4
DSD07731-200111,1,23,male,0,0,0,0,0,0.979,0.021,0,35.73551604,139.7352235,119,35,ìy,2020/1/11,2,1,0,7.97127451,4
DSD07731-200111,2,29,male,0,0,0,0,0,1,0,0,35.73551604,139.7352235,52,35,ìy,2020/1/11,2,1,0,18.19685897,4
DSD07732-200111,1,52,female,0,0,0,0.007,0,0.731,0.074,0.187,35.73574555,139.7348518,197,35,ìy,2020/1/11,2,0,0,4.589145516,4
DSD07732-200111,2,33,male,0,0,0,0,0,1,0,0,35.73574555,139.7348518,139,35,ìy,2020/1/11,2,1,0,6.829364508,4
DSD07732-200111,3,69,male,0,0,0,0,0,0.994,0.005,0,35.73574555,139.7348518,130,35,ìy,2020/1/11,2,1,0,7.29974359,4
DSD07732-200111,4,63,male,0,0,0,0,0,0.984,0.016,0,35.73574555,139.7348518,62,35,ìy,2020/1/11,2,1,0,15.26752688,4
DSD07732-200111,5,54,female,0,0.001,0,0,0.004,0.967,0.028,0,35.73574555,139.7348518,50,35,ìy,2020/1/11,2,0,0,17.97833333,4
DSD07732-200111,6,60,male,0,0,0,0,0,0.963,0.003,0.034,35.73574555,139.7348518,38,35,ìy,2020/1/11,2,1,0,24.88807018,4
DSD07733-200111,1,32,male,0,0,0,0,0,0.999,0.001,0,35.73582198,139.7347063,107,35,ìy,2020/1/11,2,1,0,8.861323988,4
DSD07733-200111,2,23,female,0,0.001,0,0,0,0.963,0.036,0,35.73582198,139.7347063,107,35,ìy,2020/1/11,2,0,0,8.419735202,4
DSD07733-200111,3,55,male,0,0,0,0,0,0.942,0.057,0,35.73582198,139.7347063,89,35,ìy,2020/1/11,2,1,0,10.64642322,4
DSD07733-200111,4,24,male,0,0.001,0,0,0.002,0.982,0.016,0,35.73582198,139.7347063,59,35,ìy,2020/1/11,2,1,0,16.04206215,4
DSD07734-200111,1,54,female,0.001,0.001,0.001,0,0.289,0.692,0.016,0.001,35.73597305,139.7344759,134,35,ìy,2020/1/11,2,0,0,6.730273632,4
DSD07734-200111,2,54,female,0,0,0,0,0.001,0.972,0.026,0,35.73597305,139.7344759,131,35,ìy,2020/1/11,2,0,0,6.883600509,4
DSD07734-200111,3,38,male,0,0.002,0,0,0.242,0.753,0.001,0,35.73597305,139.7344759,123,35,ìy,2020/1/11,2,1,0,7.713184282,4
DSD07734-200111,4,49,male,0,0,0,0,0,0.997,0.001,0.001,35.73597305,139.7344759,109,35,ìy,2020/1/11,2,1,0,8.699373089,4
DSD07734-200111,5,23,female,0,0.001,0,0,0.387,0.598,0.01,0.003,35.73597305,139.7344759,103,35,ìy,2020/1/11,2,0,0,8.745355987,4
DSD07734-200111,6,20,female,0,0,0,0,0.997,0.003,0,0,35.73597305,139.7344759,97,35,ìy,2020/1/11,2,0,1,9.284140893,4
DSD07734-200111,7,55,female,0,0,0,0,0,0.857,0.142,0,35.73597305,139.7344759,69,35,ìy,2020/1/11,2,0,0,13.03741546,4
DSD07734-200111,8,50,male,0,0,0,0,0.001,0.99,0.005,0.003,35.73597305,139.7344759,37,35,ìy,2020/1/11,2,1,0,25.55977477,4
DSD07735-200111,1,58,female,0,0.001,0,0,0.001,0.998,0,0,35.73614873,139.7342128,132,35,ìy,2020/1/11,2,0,0,6.831717172,4
DSD07735-200111,2,33,male,0,0,0,0,0.001,0.938,0.061,0,35.73614873,139.7342128,42,35,ìy,2020/1/11,2,1,0,22.52111111,4
DSD07735-200111,3,52,male,0,0,0,0,0.001,0.995,0.003,0.001,35.73614873,139.7342128,40,35,ìy,2020/1/11,2,1,0,23.64541667,4
DSD07735-200111,4,23,female,0,0,0,0,0.647,0.346,0.003,0.003,35.73614873,139.7342128,40,35,ìy,2020/1/11,2,0,1,22.46416667,4
DSD07735-200111,5,47,male,0.001,0,0,0.001,0,0.92,0.001,0.077,35.73614873,139.7342128,36,35,ìy,2020/1/11,2,1,0,26.2687963,4
DSD07736-200111,1,44,female,0,0.01,0,0,0.106,0.877,0.005,0.002,35.7362471,139.734063,235,35,ìy,2020/1/11,2,0,0,3.852730496,4
DSD07736-200111,2,35,male,0,0.001,0,0,0,0.983,0.016,0,35.7362471,139.734063,212,35,ìy,2020/1/11,2,1,0,4.489795597,4
DSD07736-200111,3,39,female,0,0.001,0,0,0.478,0.522,0,0,35.7362471,139.734063,52,35,ìy,2020/1/11,2,0,0,17.28820513,4
DSD07736-200111,4,22,male,0.002,0,0,0.001,0.001,0.973,0.001,0.023,35.7362471,139.734063,51,35,ìy,2020/1/11,2,1,0,18.55297386,4
DSD07737-200111,1,21,female,0,0,0,0,0,1,0,0,35.73640779,139.7338455,113,35,ìy,2020/1/11,2,0,0,7.974528024,4
DSD07737-200111,3,34,female,0,0,0,0,0.821,0.176,0.003,0,35.73640779,139.7338455,53,35,ìy,2020/1/11,2,0,1,16.96267296,4
DSD07738-200111,1,60,male,0.001,0.003,0,0,0.002,0.867,0.126,0,35.7365678,139.7335969,176,35,ìy,2020/1/11,2,1,0,5.401003788,4
DSD07739-200111,1,25,male,0.005,0.001,0,0,0,0.994,0,0,35.73673758,139.7333605,419,35,ìy,2020/1/11,2,1,0,2.288977725,4
DSD07739-200111,2,33,male,0,0.001,0,0,0,0.982,0.002,0.014,35.73673758,139.7333605,79,35,ìy,2020/1/11,2,1,0,11.98964135,4
DSD07739-200111,3,15,female,0.001,0,0,0,0.011,0.544,0.001,0.443,35.73673758,139.7333605,62,35,ìy,2020/1/11,2,0,0,14.50543011,4
DSD07739-200111,4,23,female,0,0,0,0,0.962,0.034,0,0.003,35.73673758,139.7333605,36,35,ìy,2020/1/11,2,0,1,24.9562963,4
DSD07740-200111,1,65,male,0,0.006,0,0,0.004,0.987,0.003,0,35.73691685,139.7331387,207,35,ìy,2020/1/11,2,1,0,4.597399356,4
DSD07740-200111,2,58,male,0,0,0,0,0.004,0.88,0.115,0,35.73691685,139.7331387,180,35,ìy,2020/1/11,2,1,0,5.281759259,4
DSD07740-200111,3,37,female,0,0,0,0,0,1,0,0,35.73691685,139.7331387,161,35,ìy,2020/1/11,2,0,0,5.607463768,4
DSD07740-200111,4,39,male,0,0,0,0,0,0.992,0.007,0,35.73691685,139.7331387,58,35,ìy,2020/1/11,2,1,0,16.31804598,4
DSD07740-200111,5,27,male,0,0.001,0.001,0,0.976,0.022,0,0,35.73691685,139.7331387,44,35,ìy,2020/1/11,2,1,1,21.49901515,4
DSD07740-200111,6,2,female,0,0,0,0,0,0.987,0,0.013,35.73691685,139.7331387,42,35,ìy,2020/1/11,2,0,0,21.39611111,4
DSD07741-200111,1,38,male,0.003,0,0,0,0,0.981,0.015,0,35.73706147,139.7329643,82,35,ìy,2020/1/11,2,1,0,11.55227642,4
DSD07741-200111,2,52,female,0.002,0,0,0.001,0.919,0.04,0.035,0.002,35.73706147,139.7329643,67,35,ìy,2020/1/11,2,0,1,13.42554726,4
DSD07741-200111,3,18,female,0,0,0,0,0.025,0.971,0.003,0.001,35.73706147,139.7329643,67,35,ìy,2020/1/11,2,0,0,13.42554726,4
DSD07741-200111,4,47,male,0.017,0,0.003,0,0,0.973,0.004,0.002,35.73706147,139.7329643,54,35,ìy,2020/1/11,2,1,0,17.52419753,4
DSD07742-200111,1,21,female,0,0.011,0,0,0.983,0.005,0,0,35.7372362,139.7326843,112,35,ìy,2020/1/11,2,0,1,8.045416667,4
DSD07742-200111,2,62,male,0,0,0,0,0.003,0.967,0.001,0.029,35.7372362,139.7326843,111,35,ìy,2020/1/11,2,1,0,8.543258258,4
DSD07742-200111,3,19,male,0,0,0,0,0.003,0.974,0.002,0.022,35.7372362,139.7326843,41,35,ìy,2020/1/11,2,1,0,23.06955285,4
DSD07742-200111,4,23,male,0,0.001,0,0,0,0.994,0.004,0,35.7372362,139.7326843,39,35,ìy,2020/1/11,2,1,0,24.25081197,4
DSD07743-200111,1,51,female,0,0,0,0,0.005,0.992,0.002,0,35.73751449,139.7322874,99,35,ìy,2020/1/11,2,0,0,9.097289562,4
DSD07744-200111,1,59,male,0,0,0,0,0,0.994,0.002,0.003,35.73770802,139.7320173,43,35,ìy,2020/1/11,2,1,0,21.99817829,4
DSD07745-200111,1,20,female,0,0.021,0,0,0.093,0.85,0.035,0,35.73780637,139.731867,95,35,ìy,2020/1/11,2,0,0,9.478859649,4
DSD07745-200111,2,64,female,0,0,0,0,0,1,0,0,35.73780637,139.731867,51,35,ìy,2020/1/11,2,0,0,17.62650327,4
DSD07745-200111,3,48,female,0.001,0.001,0.002,0.007,0.001,0.815,0.157,0.017,35.73780637,139.731867,48,35,ìy,2020/1/11,2,0,0,18.72597222,4
DSD07746-200111,1,38,male,0,0,0,0,0,0.971,0.029,0,35.73797907,139.7315814,133,35,ìy,2020/1/11,2,1,0,7.135877193,4
DSD07747-200111,1,23,female,0,0,0,0,0,0.998,0.001,0,35.73816957,139.7313509,64,35,ìy,2020/1/11,2,0,0,14.05322917,4
DSD07748-200111,1,8,female,0,0,0,0,0.001,0.996,0.001,0.002,35.7383405,139.7311574,71,35,ìy,2020/1/11,2,0,0,12.67115023,4
DSD07749-200111,1,33,male,0,0,0,0,0,1,0,0,35.73847822,139.7310063,72,35,ìy,2020/1/11,2,1,0,13.15189815,4
DSD07749-200111,2,54,male,0,0,0,0,0.639,0.354,0.007,0,35.73847822,139.7310063,68,35,ìy,2020/1/11,2,1,1,13.92348039,4
DSD07749-200111,3,36,female,0,0,0,0,0.123,0.868,0.008,0,35.73847822,139.7310063,68,35,ìy,2020/1/11,2,0,0,13.22862745,4
DSD07749-200111,4,49,female,0,0.001,0,0,0.469,0.528,0.001,0,35.73847822,139.7310063,67,35,ìy,2020/1/11,2,0,0,13.42554726,4
DSD07749-200111,5,35,female,0.001,0.001,0.001,0.002,0.355,0.552,0.018,0.071,35.73847822,139.7310063,62,35,ìy,2020/1/11,2,0,0,14.50543011,4
DSD07749-200111,6,30,male,0,0,0,0.001,0.001,0.918,0.001,0.08,35.73847822,139.7310063,47,35,ìy,2020/1/11,2,1,0,20.12897163,4
DSD07749-200111,7,40,female,0,0,0,0,0.001,0.992,0.006,0.002,35.73847822,139.7310063,42,35,ìy,2020/1/11,2,0,0,21.39611111,4
DSD07749-200111,8,57,female,0,0.005,0,0,0.057,0.935,0.002,0,35.73847822,139.7310063,42,35,ìy,2020/1/11,2,0,0,21.39611111,4
DSD07750-200111,1,10,female,0.001,0.015,0,0,0.084,0.873,0.025,0.001,35.73861794,139.7308608,213,35,ìy,2020/1/11,2,0,0,4.247050078,4
DSD07753-200111,1,20,male,0,0,0,0,0.002,0.98,0.017,0,35.73885472,139.730638,56,35,ìy,2020/1/11,2,1,0,16.89958333,4
DSD07753-200111,2,26,female,0.015,0.002,0.005,0,0.001,0.955,0.001,0.021,35.73885472,139.730638,49,35,ìy,2020/1/11,2,0,0,18.34452381,4
DSD07753-200111,3,37,female,0,0,0,0,0,0.999,0,0,35.73885472,139.730638,41,35,ìy,2020/1/11,2,0,0,21.91711382,4
DSD07754-200111,1,56,male,0,0.001,0,0,0,0.645,0.353,0,35.73866205,139.7308163,106,35,ìy,2020/1/11,2,1,0,8.944591195,4
DSD07755-200111,1,43,male,0,0,0,0,0,0.982,0.018,0,35.73836917,139.7311456,179,35,ìy,2020/1/11,2,1,0,5.311070764,4
DSD07755-200111,2,39,female,0,0,0,0,0,0.991,0.001,0.008,35.73836917,139.7311456,82,35,ìy,2020/1/11,2,0,0,10.97605691,4
DSD07756-200111,1,18,female,0,0,0,0,0,1,0,0,35.73817556,139.7313881,48,35,ìy,2020/1/11,2,0,0,18.72597222,4
DSD07757-200111,1,45,male,0,0.005,0,0,0.106,0.888,0,0,35.73800083,139.7316047,102,35,ìy,2020/1/11,2,1,0,9.293986928,4
DSD07757-200111,2,41,female,0,0,0,0,0.023,0.971,0.006,0,35.73800083,139.7316047,46,35,ìy,2020/1/11,2,0,0,19.53862319,4
DSD07757-200111,3,58,female,0,0,0,0.002,0.183,0.333,0.013,0.469,35.73800083,139.7316047,37,35,ìy,2020/1/11,2,0,0,24.28274775,4
DSD07757-200111,4,16,female,0,0,0,0,0.015,0.984,0,0.001,35.73800083,139.7316047,36,35,ìy,2020/1/11,2,0,0,24.9562963,4
DSD07758-200111,1,27,female,0,0,0,0.001,0,0.986,0.001,0.012,35.73772056,139.732115,84,35,ìy,2020/1/11,2,0,0,10.71555556,4
DSD07758-200111,2,19,female,0.004,0,0.001,0.002,0,0.676,0,0.317,35.73772056,139.732115,73,35,ìy,2020/1/11,2,0,0,12.32495434,4
DSD07760-200111,1,59,male,0,0,0,0,1,0,0,0,35.73738445,139.7326039,121,35,ìy,2020/1/11,2,1,1,7.840096419,4
DSD07761-200111,1,44,female,0.001,0,0,0.001,0.001,0.84,0.154,0.003,35.73722972,139.7329083,103,35,ìy,2020/1/11,2,0,0,8.745355987,4
DSD07761-200111,2,22,male,0.003,0.001,0,0,0.001,0.989,0.005,0.001,35.73722972,139.7329083,97,35,ìy,2020/1/11,2,1,0,9.771254296,4
DSD07761-200111,3,26,female,0,0.002,0,0,0.133,0.86,0.003,0.002,35.73722972,139.7329083,92,35,ìy,2020/1/11,2,0,0,9.786811594,4
DSD07761-200111,4,63,male,0,0,0,0,0,0.946,0.001,0.052,35.73722972,139.7329083,65,35,ìy,2020/1/11,2,1,0,14.56448718,4
DSD07761-200111,5,1,female,0,0,0,0,0,0.964,0.029,0.006,35.73722972,139.7329083,59,35,ìy,2020/1/11,2,0,0,15.24121469,4
DSD07762-200111,1,38,male,0,0.001,0,0,0,0.706,0,0.294,35.73705083,139.7329828,58,35,ìy,2020/1/11,2,1,0,16.31804598,4
DSD07762-200111,2,21,female,0,0,0,0,0.016,0.984,0,0,35.73705083,139.7329828,57,35,ìy,2020/1/11,2,0,0,15.77476608,4
DSD07762-200111,3,44,female,0.005,0.001,0.004,0,0.022,0.954,0.012,0.001,35.73705083,139.7329828,56,35,ìy,2020/1/11,2,0,0,16.05583333,4
DSD07763-200111,1,40,male,0,0,0,0,0,0.994,0.005,0.001,35.73684667,139.7332575,180,35,ìy,2020/1/11,2,1,0,5.281759259,4
DSD07763-200111,2,23,female,0,0,0,0,0,0.999,0,0,35.73684667,139.7332575,89,35,ìy,2020/1/11,2,0,0,10.11552434,4
DSD07763-200111,3,43,male,0,0,0,0.001,0.004,0.93,0.002,0.063,35.73684667,139.7332575,74,35,ìy,2020/1/11,2,1,0,12.79738739,4
DSD07763-200111,4,36,female,0,0,0,0,0.025,0.974,0,0.001,35.73684667,139.7332575,67,35,ìy,2020/1/11,2,0,0,13.42554726,4
DSD07763-200111,5,15,female,0,0,0,0,0.02,0.98,0,0,35.73684667,139.7332575,63,35,ìy,2020/1/11,2,0,0,14.27574074,4
DSD07764-200111,1,22,female,0,0.001,0,0,0,0.979,0.019,0,35.736695,139.7335047,153,35,ìy,2020/1/11,2,0,0,5.898834423,4
DSD07764-200111,2,59,male,0,0,0,0.001,0,0.623,0.375,0.001,35.736695,139.7335047,151,35,ìy,2020/1/11,2,1,0,6.289415011,4
DSD07764-200111,3,26,male,0.016,0.001,0,0,0,0.982,0.001,0,35.736695,139.7335047,140,35,ìy,2020/1/11,2,1,0,6.780833333,4
DSD07764-200111,4,57,male,0.001,0,0,0,0,0.986,0.012,0,35.736695,139.7335047,79,35,ìy,2020/1/11,2,1,0,11.98964135,4
DSD07764-200111,5,28,male,0,0,0,0,0.003,0.992,0.005,0.001,35.736695,139.7335047,66,35,ìy,2020/1/11,2,1,0,14.34434343,4
DSD07765-200111,1,34,female,0,0,0,0,0,0.994,0.001,0.005,35.73656306,139.7336358,104,35,ìy,2020/1/11,2,0,0,8.661602564,4
DSD07765-200111,2,22,female,0.002,0.001,0.004,0.066,0.001,0.427,0.045,0.455,35.73656306,139.7336358,80,35,ìy,2020/1/11,2,0,0,11.24958333,4
DSD07765-200111,3,15,female,0,0,0,0,0,1,0,0,35.73656306,139.7336358,69,35,ìy,2020/1/11,2,0,0,13.03741546,4
DSD07765-200111,4,21,male,0,0,0,0,0,0.997,0.003,0,35.73656306,139.7336358,67,35,ìy,2020/1/11,2,1,0,14.13077114,4
DSD07765-200111,5,41,female,0.001,0,0,0.024,0,0.792,0.001,0.183,35.73656306,139.7336358,58,35,ìy,2020/1/11,2,0,0,15.5033908,4
DSD07767-200111,1,28,female,0,0,0,0,0,0.998,0.002,0,35.73614861,139.7343442,65,35,ìy,2020/1/11,2,0,0,13.8375641,4
DSD07767-200111,2,40,male,0,0.001,0,0,0.008,0.979,0.011,0,35.73614861,139.7343442,52,35,ìy,2020/1/11,2,1,0,18.19685897,4
DSD07767-200111,3,28,male,0,0,0,0,0.027,0.972,0,0,35.73614861,139.7343442,36,35,ìy,2020/1/11,2,1,0,26.2687963,4
DSD07768-200111,1,35,male,0,0,0,0.001,0.194,0.312,0.001,0.492,35.73593917,139.7346131,143,35,ìy,2020/1/11,2,1,0,6.639312354,4
DSD07768-200111,2,65,female,0,0,0,0,0,0.91,0.09,0,35.73593917,139.7346131,113,35,ìy,2020/1/11,2,0,0,7.974528024,4
DSD07768-200111,3,21,female,0,0,0,0,0,0.988,0.012,0,35.73593917,139.7346131,77,35,ìy,2020/1/11,2,0,0,11.68651515,4
DSD07768-200111,4,26,male,0,0,0,0,0.033,0.965,0.002,0,35.73593917,139.7346131,72,35,ìy,2020/1/11,2,1,0,13.15189815,4
DSD07768-200111,5,51,female,0,0,0,0,0,0.998,0.002,0,35.73593917,139.7346131,63,35,ìy,2020/1/11,2,0,0,14.27574074,4
DSD07768-200111,6,45,female,0,0,0,0,0.006,0.989,0.005,0,35.73593917,139.7346131,45,35,ìy,2020/1/11,2,0,0,19.97203704,4
DSD07768-200111,7,60,female,0,0,0,0,0,1,0,0,35.73593917,139.7346131,42,35,ìy,2020/1/11,2,0,0,21.39611111,4
DSD07769-200111,1,39,female,0,0,0,0,0,0.957,0,0.042,35.73577917,139.7348681,247,35,ìy,2020/1/11,2,0,0,3.667253711,4
DSD07769-200111,2,58,male,0,0.001,0,0,0.983,0.011,0.005,0,35.73577917,139.7348681,236,35,ìy,2020/1/11,2,1,1,4.036765537,4
DSD07769-200111,3,71,male,0.002,0.001,0.002,0.006,0.012,0.574,0.398,0.006,35.73577917,139.7348681,168,35,ìy,2020/1/11,2,1,0,5.656527778,4
DSD07769-200111,4,60,female,0,0,0,0,0,0.943,0.053,0.003,35.73577917,139.7348681,87,35,ìy,2020/1/11,2,0,0,10.34726054,4
DSD07769-200111,5,56,male,0,0,0,0,0.001,0.978,0.015,0.006,35.73577917,139.7348681,73,35,ìy,2020/1/11,2,1,0,12.97221461,4
DSD07769-200111,6,41,female,0.002,0,0,0,0.02,0.961,0.016,0,35.73577917,139.7348681,56,35,ìy,2020/1/11,2,0,0,16.05583333,4
DSD07769-200111,7,41,male,0.002,0.001,0,0,0,0.922,0.074,0,35.73577917,139.7348681,52,35,ìy,2020/1/11,2,1,0,18.19685897,4
DSD07770-200111,1,30,male,0.043,0.004,0,0,0,0.952,0,0,35.73557445,139.7350939,59,35,ìy,2020/1/11,2,1,0,16.04206215,4
DSD07770-200111,2,24,female,0,0,0,0,0.001,0.988,0.001,0.01,35.73557445,139.7350939,52,35,ìy,2020/1/11,2,0,0,17.28820513,4
DSD07770-200111,3,24,female,0,0,0,0,0,0.997,0.001,0.001,35.73557445,139.7350939,37,35,ìy,2020/1/11,2,0,0,24.28274775,4
DSD07771-200111,1,42,female,0,0,0,0,0,0.993,0.007,0,35.73538833,139.7354242,128,35,ìy,2020/1/11,2,0,0,7.044114583,4
DSD07771-200111,2,21,female,0,0,0,0,0.016,0.983,0.001,0.001,35.73538833,139.7354242,89,35,ìy,2020/1/11,2,0,0,10.11552434,4
DSD07771-200111,3,22,female,0,0,0,0,0,0.801,0,0.198,35.73538833,139.7354242,85,35,ìy,2020/1/11,2,0,0,10.58990196,4
DSD07771-200111,4,7,female,0,0,0,0,0.327,0.672,0,0.001,35.73538833,139.7354242,72,35,ìy,2020/1/11,2,0,0,12.49564815,4
DSD07772-200111,1,62,male,0,0.002,0,0,0,0.979,0.019,0,35.73523472,139.7358464,193,35,ìy,2020/1/11,2,1,0,4.928350604,4
DSD07772-200111,2,23,male,0,0,0,0,0,0.991,0.005,0.003,35.73523472,139.7358464,64,35,ìy,2020/1/11,2,1,0,14.79151042,4
DSD07772-200111,3,25,female,0.014,0.059,0.034,0,0.033,0.837,0.021,0.001,35.73523472,139.7358464,54,35,ìy,2020/1/11,2,0,0,16.64919753,4
DSD07772-200111,4,21,female,0,0,0,0,0.26,0.737,0,0.003,35.73523472,139.7358464,47,35,ìy,2020/1/11,2,0,0,19.12365248,4
DSD07773-200111,1,24,male,0,0.003,0,0,0.027,0.97,0,0,35.73513445,139.7360181,94,35,ìy,2020/1/11,2,1,0,10.08198582,4
DSD07773-200111,2,20,female,0,0,0,0,1,0,0,0,35.73513445,139.7360181,83,35,ìy,2020/1/11,2,0,1,10.84423695,4
DSD07773-200111,3,25,female,0.002,0,0,0.001,0.002,0.743,0.002,0.25,35.73513445,139.7360181,51,35,ìy,2020/1/11,2,0,0,17.62650327,4
DSD07773-200111,4,24,female,0.001,0,0,0.001,0.003,0.971,0.002,0.021,35.73513445,139.7360181,46,35,ìy,2020/1/11,2,0,0,19.53862319,4
DSD07774-200111,1,71,male,0,0,0,0,0,0.324,0.675,0,35.73501056,139.7362203,205,35,ìy,2020/1/11,2,1,0,4.641910569,4
DSD07774-200111,2,18,female,0,0,0,0,0.007,0.981,0.007,0.005,35.73501056,139.7362203,112,35,ìy,2020/1/11,2,0,0,8.045416667,4
DSD07774-200111,3,25,male,0,0.001,0,0,0.333,0.666,0,0,35.73501056,139.7362203,97,35,ìy,2020/1/11,2,1,0,9.771254296,4
DSD07774-200111,4,50,male,0.002,0,0,0,0.001,0.99,0.001,0.006,35.73501056,139.7362203,88,35,ìy,2020/1/11,2,1,0,10.76700758,4
DSD07774-200111,5,48,female,0.006,0,0.001,0.004,0.267,0.18,0.014,0.526,35.73501056,139.7362203,78,35,ìy,2020/1/11,2,0,0,11.53713675,4
DSD07774-200111,6,35,female,0,0,0,0,0,1,0,0,35.73501056,139.7362203,76,35,ìy,2020/1/11,2,0,0,11.83982456,4
DSD07774-200111,7,40,female,0,0.001,0,0,0.001,0.997,0,0,35.73501056,139.7362203,53,35,ìy,2020/1/11,2,0,0,16.96267296,4
DSD07775-200111,1,47,male,0,0,0,0,0.018,0.981,0.001,0,35.73487972,139.7364794,84,35,ìy,2020/1/11,2,1,0,11.27805556,4
DSD07775-200111,2,28,female,0,0,0,0,1,0,0,0,35.73487972,139.7364794,83,35,ìy,2020/1/11,2,0,1,10.84423695,4
DSD07775-200111,3,41,male,0,0,0,0,0,0.874,0.125,0.001,35.73487972,139.7364794,74,35,ìy,2020/1/11,2,1,0,12.79738739,4
DSD07775-200111,6,2,female,0,0,0,0,0.001,0.996,0.001,0.002,35.73487972,139.7364794,41,35,ìy,2020/1/11,2,0,0,21.91711382,4
DSD07775-200111,8,27,female,0.002,0,0,0,0.273,0.688,0.001,0.036,35.73487972,139.7364794,37,35,ìy,2020/1/11,2,0,0,24.28274775,4
DSD07776-200111,1,21,female,0,0,0,0,0.982,0.018,0,0,35.73463445,139.7368328,126,35,ìy,2020/1/11,2,0,1,7.15537037,4
DSD07776-200111,2,20,male,0,0,0,0,0.002,0.997,0.001,0,35.73463445,139.7368328,123,35,ìy,2020/1/11,2,1,0,7.713184282,4
DSD07776-200111,3,20,male,0,0.001,0,0,0.014,0.943,0.042,0,35.73463445,139.7368328,79,35,ìy,2020/1/11,2,1,0,11.98964135,4
DSD07776-200111,4,45,male,0,0,0,0,0,0.953,0.002,0.044,35.73463445,139.7368328,64,35,ìy,2020/1/11,2,1,0,14.79151042,4
DSD07776-200111,5,13,female,0.032,0.06,0.008,0.004,0.001,0.868,0.003,0.024,35.73463445,139.7368328,53,35,ìy,2020/1/11,2,0,0,16.96267296,4
DSD07777-200111,1,48,male,0,0.064,0,0,0.001,0.929,0.004,0.001,35.73474778,139.7366389,260,35,ìy,2020/1/11,2,1,0,3.667371795,4
DSD07777-200111,2,45,female,0.001,0,0.001,0,0,0.987,0.008,0.001,35.73474778,139.7366389,214,35,ìy,2020/1/11,2,0,0,4.227367601,4
DSD07777-200111,3,23,male,0.001,0,0.001,0,0.06,0.9,0.038,0,35.73474778,139.7366389,178,35,ìy,2020/1/11,2,1,0,5.34071161,4
DSD07777-200111,4,20,female,0.001,0.006,0.002,0,0.405,0.585,0.001,0,35.73474778,139.7366389,175,35,ìy,2020/1/11,2,0,0,5.161666667,4
DSD07777-200111,5,53,female,0,0.001,0,0,0.902,0.095,0.001,0,35.73474778,139.7366389,139,35,ìy,2020/1/11,2,0,1,6.489436451,4
DSD07777-200111,6,52,female,0,0.001,0,0,0.999,0,0,0,35.73474778,139.7366389,124,35,ìy,2020/1/11,2,0,1,7.270215054,4
DSD07777-200111,7,47,female,0,0.001,0,0,0.401,0.596,0.002,0,35.73474778,139.7366389,106,35,ìy,2020/1/11,2,0,0,8.498836478,4
DSD07777-200111,8,47,male,0.002,0.001,0,0,0,0.64,0.356,0,35.73474778,139.7366389,76,35,ìy,2020/1/11,2,1,0,12.46153509,4
DSD07777-200111,9,60,female,0,0,0,0,0.938,0.061,0,0,35.73474778,139.7366389,69,35,ìy,2020/1/11,2,0,1,13.03741546,4
DSD07777-200111,10,40,female,0,0,0,0,0.001,0.986,0.013,0,35.73474778,139.7366389,58,35,ìy,2020/1/11,2,0,0,15.5033908,4
DSD07777-200111,11,44,female,0,0.002,0,0,0.061,0.904,0.033,0,35.73474778,139.7366389,41,35,ìy,2020/1/11,2,0,0,21.91711382,4
DSD07777-200111,12,41,female,0,0.002,0,0,0.025,0.962,0.01,0,35.73474778,139.7366389,37,35,ìy,2020/1/11,2,0,0,24.28274775,4
DSD07777-200111,13,51,female,0.002,0.001,0,0,0.496,0.497,0.004,0.001,35.73474778,139.7366389,37,35,ìy,2020/1/11,2,0,0,24.28274775,4
DSD07778-200111,1,48,male,0.45,0.043,0.002,0,0,0.469,0.036,0,35.73495472,139.7364125,236,35,ìy,2020/1/11,2,1,0,4.036765537,4
DSD07778-200111,2,27,female,0,0,0,0,0,0.996,0.004,0,35.73495472,139.7364125,175,35,ìy,2020/1/11,2,0,0,5.161666667,4
DSD07778-200111,3,24,female,0,0,0,0,0,0.98,0.02,0,35.73495472,139.7364125,130,35,ìy,2020/1/11,2,0,0,6.936282051,4
DSD07778-200111,4,57,female,0.002,0,0,0,0,0.952,0.045,0,35.73495472,139.7364125,67,35,ìy,2020/1/11,2,0,0,13.42554726,4
DSD07779-200111,1,48,male,0,0,0,0,0.011,0.987,0.002,0,35.73503083,139.7362147,484,35,ìy,2020/1/11,2,1,0,1.986274105,4
DSD07779-200111,2,50,female,0,0,0,0,0,0.415,0,0.583,35.73503083,139.7362147,176,35,ìy,2020/1/11,2,0,0,5.132537879,4
DSD07779-200111,3,5,female,0,0,0,0,0.004,0.996,0,0,35.73503083,139.7362147,48,35,ìy,2020/1/11,2,0,0,18.72597222,4
DSD07780-200111,1,46,female,0,0,0,0,0.002,0.94,0.057,0,35.73511778,139.7359975,111,35,ìy,2020/1/11,2,0,0,8.117582583,4
DSD07781-200111,1,56,female,0,0,0,0,0,0.913,0.087,0,35.73532333,139.7357025,113,35,ìy,2020/1/11,2,0,0,7.974528024,4
DSD07781-200111,2,23,female,0.036,0.071,0.006,0.003,0.011,0.834,0.037,0.003,35.73532333,139.7357025,95,35,ìy,2020/1/11,2,0,0,9.478859649,4
DSD07781-200111,3,48,female,0,0,0,0,0,0.999,0.001,0,35.73532333,139.7357025,65,35,ìy,2020/1/11,2,0,0,13.8375641,4
DSD07781-200111,4,50,male,0,0,0,0,0,0.995,0.005,0,35.73532333,139.7357025,43,35,ìy,2020/1/11,2,1,0,21.99817829,4
DSD07782-200111,1,21,female,0,0,0,0,0.001,0.973,0.026,0,35.73553111,139.7352275,173,35,ìy,2020/1/11,2,0,0,5.220934489,4
DSD07782-200111,2,17,male,0,0.001,0,0,0,0.996,0.002,0,35.73553111,139.7352275,128,35,ìy,2020/1/11,2,1,0,7.413255208,4
DSD07782-200111,3,60,female,0,0,0,0,0.005,0.982,0.013,0,35.73553111,139.7352275,91,35,ìy,2020/1/11,2,0,0,9.893974359,4
DSD07782-200111,4,7,female,0,0.011,0,0,0.015,0.97,0.003,0,35.73553111,139.7352275,37,35,ìy,2020/1/11,2,0,0,24.28274775,4
DSD07783-200111,1,69,male,0,0,0,0,0,0.958,0.041,0,35.73586528,139.7347767,152,35,ìy,2020/1/11,2,1,0,6.248267544,4
DSD07783-200111,2,60,male,0.001,0.003,0,0,0.137,0.841,0.017,0,35.73586528,139.7347767,95,35,ìy,2020/1/11,2,1,0,9.97622807,4
DSD07783-200111,3,65,male,0,0.001,0,0,0,0.99,0.007,0.002,35.73586528,139.7347767,90,35,ìy,2020/1/11,2,1,0,10.52851852,4
DSD07783-200111,4,24,female,0,0.002,0,0,0,0.983,0.015,0,35.73586528,139.7347767,88,35,ìy,2020/1/11,2,0,0,10.23007576,4
DSD07783-200111,5,18,male,0,0,0,0,0,0.999,0.001,0,35.73586528,139.7347767,71,35,ìy,2020/1/11,2,1,0,13.33664319,4
DSD07783-200111,6,18,male,0,0,0,0,0.999,0.001,0,0,35.73586528,139.7347767,68,35,ìy,2020/1/11,2,1,1,13.92348039,4
DSD07783-200111,7,29,female,0,0,0,0,0,0.976,0.008,0.015,35.73586528,139.7347767,46,35,ìy,2020/1/11,2,0,0,19.53862319,4
DSD07783-200111,8,28,male,0,0,0,0,0,0.996,0,0.004,35.73586528,139.7347767,38,35,ìy,2020/1/11,2,1,0,24.88807018,4
DSD07784-200111,1,42,female,0,0,0,0,0,0.997,0.003,0,35.73616583,139.7343392,112,35,ìy,2020/1/11,2,0,0,8.045416667,4
DSD07784-200111,2,20,female,0,0,0,0,0,0.983,0.016,0,35.73616583,139.7343392,90,35,ìy,2020/1/11,2,0,0,10.00351852,4
DSD07784-200111,3,55,female,0,0,0,0,0,0.981,0.011,0.008,35.73616583,139.7343392,82,35,ìy,2020/1/11,2,0,0,10.97605691,4
DSD07784-200111,4,42,female,0.012,0.001,0.007,0.001,0.77,0.137,0.07,0.001,35.73616583,139.7343392,92,35,ìy,2020/1/11,2,0,1,9.786811594,4
DSD07784-200111,5,38,female,0.001,0,0,0,0,0.996,0.001,0.002,35.73616583,139.7343392,68,35,ìy,2020/1/11,2,0,0,13.22862745,4
DSD07784-200111,6,24,male,0.001,0,0,0,0.001,0.996,0.001,0.001,35.73616583,139.7343392,65,35,ìy,2020/1/11,2,1,0,14.56448718,4
DSD07784-200111,7,26,male,0,0,0,0,0,1,0,0,35.73616583,139.7343392,58,35,ìy,2020/1/11,2,1,0,16.31804598,4
DSD07785-200111,1,40,female,0,0,0,0,0.008,0.987,0.003,0.002,35.7364925,139.7338756,61,35,ìy,2020/1/11,2,0,0,14.74265027,4
DSD07786-200111,2,20,female,0.001,0.002,0,0,0,0.995,0.002,0,35.7366575,139.7336397,48,35,ìy,2020/1/11,2,0,0,18.72597222,4
DSD07786-200111,3,40,female,0,0,0,0,0,0.995,0.004,0.001,35.7366575,139.7336397,42,35,ìy,2020/1/11,2,0,0,21.39611111,4
DSD07787-200111,1,39,female,0,0.002,0,0,0.001,0.991,0.006,0,35.7367625,139.7334311,224,35,ìy,2020/1/11,2,0,0,4.040208333,4
DSD07787-200111,2,33,male,0,0,0,0,0.001,0.743,0.256,0,35.7367625,139.7334311,141,35,ìy,2020/1/11,2,1,0,6.732990544,4
DSD07787-200111,3,43,male,0,0.006,0,0,0,0.989,0.004,0,35.7367625,139.7334311,96,35,ìy,2020/1/11,2,1,0,9.872673611,4
DSD07787-200111,4,22,male,0,0,0,0,0,0.99,0.009,0,35.7367625,139.7334311,63,35,ìy,2020/1/11,2,1,0,15.02574074,4
DSD07788-200111,1,56,male,0,0,0,0,0,0.933,0.066,0,35.73701333,139.7331111,417,35,ìy,2020/1/11,2,1,0,2.299788169,4
DSD07788-200111,2,55,female,0,0,0,0,0,0.951,0.048,0,35.73701333,139.7331111,129,35,ìy,2020/1/11,2,0,0,6.989780362,4
DSD07788-200111,3,27,female,0,0,0,0,0.016,0.976,0.007,0,35.73701333,139.7331111,108,35,ìy,2020/1/11,2,0,0,8.342098765,4
DSD07788-200111,4,21,female,0,0.005,0,0,0.332,0.66,0.002,0,35.73701333,139.7331111,96,35,ìy,2020/1/11,2,0,0,9.380486111,4
DSD07788-200111,5,56,male,0,0,0,0,0.002,0.733,0.264,0,35.73701333,139.7331111,53,35,ìy,2020/1/11,2,1,0,17.85418239,4
DSD07789-200111,1,28,female,0,0,0,0,0,0.992,0.007,0,35.73725111,139.7327706,81,35,ìy,2020/1/11,2,0,0,11.11113169,4
DSD07789-200111,2,13,female,0,0.003,0,0,0.171,0.826,0,0,35.73725111,139.7327706,49,35,ìy,2020/1/11,2,0,0,18.34452381,4
DSD07789-200111,3,59,male,0,0,0,0,0.028,0.971,0.001,0,35.73725111,139.7327706,46,35,ìy,2020/1/11,2,1,0,20.5657971,4
DSD07789-200111,4,15,female,0,0,0,0,0.907,0.089,0.004,0,35.73725111,139.7327706,40,35,ìy,2020/1/11,2,0,1,22.46416667,4
DSD07790-200111,1,63,female,0,0.001,0,0,0.021,0.972,0.006,0,35.73750361,139.7323219,149,35,ìy,2020/1/11,2,0,0,6.056252796,4
DSD07790-200111,2,17,female,0,0,0,0,0,1,0,0,35.73750361,139.7323219,67,35,ìy,2020/1/11,2,0,0,13.42554726,4
DSD07790-200111,3,34,male,0,0,0,0,0,1,0,0,35.73750361,139.7323219,46,35,ìy,2020/1/11,2,1,0,20.5657971,4
DSD07790-200111,4,22,female,0,0,0,0,0,1,0,0,35.73750361,139.7323219,42,35,ìy,2020/1/11,2,0,0,21.39611111,4
DSD07792-200111,1,22,female,0,0,0,0,0,1,0,0,35.73808028,139.7314619,47,35,ìy,2020/1/11,2,0,0,19.12365248,4
DSD07792-200111,2,41,female,0,0.001,0,0,0.325,0.673,0.001,0,35.73808028,139.7314619,43,35,ìy,2020/1/11,2,0,0,20.89934109,4
DSD07793-200111,1,27,male,0,0,0,0,0,0.984,0.015,0,35.73839778,139.7312047,54,35,ìy,2020/1/11,2,1,0,17.52419753,4
DSD07796-200111,1,21,male,0,0.002,0.001,0,0.697,0.3,0,0,35.73900278,139.7305917,148,35,ìy,2020/1/11,2,1,1,6.416193694,4
DSD07796-200111,2,27,female,0,0,0,0,0,0.999,0.001,0,35.73900278,139.7305917,146,35,ìy,2020/1/11,2,0,0,6.179977169,4
DSD07796-200111,3,43,male,0.001,0,0,0,0,0.858,0.14,0,35.73900278,139.7305917,44,35,ìy,2020/1/11,2,1,0,21.49901515,4
DSD07796-200111,4,22,male,0,0,0,0,0,1,0,0,35.73900278,139.7305917,40,35,ìy,2020/1/11,2,1,0,23.64541667,4
DSD07797-200111,1,24,female,0.001,0.003,0.001,0,0.135,0.777,0.083,0,35.73874841,139.7307242,155,35,ìy,2020/1/11,2,0,0,5.823172043,4
DSD07797-200111,2,60,male,0.003,0.008,0.001,0,0,0.631,0.356,0,35.73874841,139.7307242,140,35,ìy,2020/1/11,2,1,0,6.780833333,4
DSD07797-200111,3,40,female,0,0,0,0,0.001,0.999,0,0,35.73874841,139.7307242,36,35,ìy,2020/1/11,2,0,0,24.9562963,4
DSD07798-200111,1,52,male,0,0,0,0,1,0,0,0,35.73857722,139.7310161,337,35,ìy,2020/1/11,2,1,1,2.837423343,4
DSD07798-200111,2,28,female,0,0.001,0,0,0.004,0.977,0.018,0,35.73857722,139.7310161,141,35,ìy,2020/1/11,2,0,0,6.397884161,4
DSD07798-200111,3,40,male,0,0,0,0,1,0,0,0,35.73857722,139.7310161,68,35,ìy,2020/1/11,2,1,1,13.92348039,4
DSD07799-200111,1,68,male,0,0,0,0,0.003,0.997,0,0,35.73834972,139.7312442,58,35,ìy,2020/1/11,2,1,0,16.31804598,4
DSD07799-200111,2,23,female,0.001,0,0,0,0.228,0.741,0.002,0.027,35.73834972,139.7312442,43,35,ìy,2020/1/11,2,0,0,20.89934109,4
DSD07800-200111,1,36,female,0.001,0,0,0.006,0.16,0.204,0.002,0.627,35.73796611,139.7315067,44,35,ìy,2020/1/11,2,0,0,20.42515152,4
DSD07800-200111,2,22,male,0,0,0,0,0,0.998,0.002,0,35.73796611,139.7315067,40,35,ìy,2020/1/11,2,1,0,23.64541667,4
DSD07801-200111,1,46,female,0.002,0.001,0.021,0.003,0.004,0.797,0.061,0.111,35.73771417,139.7320942,58,35,ìy,2020/1/11,2,0,0,15.5033908,4
DSD07801-200111,2,55,male,0,0,0,0,0.003,0.993,0.003,0.001,35.73771417,139.7320942,58,35,ìy,2020/1/11,2,1,0,16.31804598,4
DSD07801-200111,3,24,female,0,0,0,0,0,0.977,0.023,0,35.73771417,139.7320942,49,35,ìy,2020/1/11,2,0,0,18.34452381,4
DSD07802-200111,1,43,male,0,0.001,0,0,0,0.94,0.06,0,35.73739528,139.7325267,129,35,ìy,2020/1/11,2,1,0,7.356059432,4
DSD07802-200111,2,28,female,0,0,0,0,0,0.989,0.01,0.001,35.73739528,139.7325267,103,35,ìy,2020/1/11,2,0,0,8.745355987,4
DSD07802-200111,3,22,female,0,0,0,0,0.998,0.002,0,0,35.73739528,139.7325267,45,35,ìy,2020/1/11,2,0,1,19.97203704,4
DSD07802-200111,4,31,male,0,0,0,0,0,0.999,0.001,0,35.73739528,139.7325267,39,35,ìy,2020/1/11,2,1,0,24.25081197,4
DSD07803-200111,1,29,female,0,0.001,0,0,0.235,0.753,0.01,0.001,35.73720695,139.7328911,143,35,ìy,2020/1/11,2,0,0,6.308892774,4
DSD07803-200111,2,53,female,0.005,0.028,0.001,0.001,0.001,0.939,0.025,0.001,35.73720695,139.7328911,140,35,ìy,2020/1/11,2,0,0,6.443333333,4
DSD07803-200111,3,20,female,0,0,0,0,1,0,0,0,35.73720695,139.7328911,135,35,ìy,2020/1/11,2,0,1,6.680679012,4
DSD07803-200111,4,35,male,0,0,0,0,0,0.998,0.001,0,35.73720695,139.7328911,37,35,ìy,2020/1/11,2,1,0,25.55977477,4
DSD07804-200111,1,39,female,0,0.004,0,0,0.003,0.853,0.139,0,35.73697611,139.7331317,358,35,ìy,2020/1/11,2,0,0,2.541052142,4
DSD07804-200111,2,40,male,0.001,0,0,0,0.001,0.991,0.006,0.001,35.73697611,139.7331317,217,35,ìy,2020/1/11,2,1,0,4.387150538,4
DSD07804-200111,3,62,male,0,0,0,0,0,0.989,0.011,0,35.73697611,139.7331317,172,35,ìy,2020/1/11,2,1,0,5.525794574,4
DSD07804-200111,4,48,female,0.06,0.001,0.017,0.002,0.012,0.828,0.065,0.016,35.73697611,139.7331317,164,35,ìy,2020/1/11,2,0,0,5.505528455,4
DSD07804-200111,5,52,female,0.001,0.002,0.002,0,0.01,0.807,0.178,0.001,35.73697611,139.7331317,111,35,ìy,2020/1/11,2,0,0,8.117582583,4
DSD07804-200111,6,37,female,0,0,0,0,0.118,0.871,0.008,0.002,35.73697611,139.7331317,106,35,ìy,2020/1/11,2,0,0,8.498836478,4
DSD07804-200111,7,42,female,0,0,0,0,0.005,0.966,0.028,0,35.73697611,139.7331317,97,35,ìy,2020/1/11,2,0,0,9.284140893,4
DSD07805-200111,1,21,female,0,0,0,0,0,0.979,0.02,0,35.73679833,139.7333536,177,35,ìy,2020/1/11,2,0,0,5.10373823,4
DSD07805-200111,2,57,male,0,0,0,0.001,0,0.986,0.001,0.012,35.73679833,139.7333536,58,35,ìy,2020/1/11,2,1,0,16.31804598,4
DSD07805-200111,3,54,female,0,0,0,0,0,0.989,0.009,0.001,35.73679833,139.7333536,50,35,ìy,2020/1/11,2,0,0,17.97833333,4
DSD07805-200111,4,44,male,0,0,0,0,0,0.965,0,0.034,35.73679833,139.7333536,47,35,ìy,2020/1/11,2,1,0,20.12897163,4
DSD07806-200111,1,22,female,0,0.018,0,0,0.852,0.13,0,0,35.73663833,139.7335294,63,35,ìy,2020/1/11,2,0,1,14.27574074,4
DSD07806-200111,2,37,female,0,0,0,0,0.907,0.091,0,0.002,35.73663833,139.7335294,49,35,ìy,2020/1/11,2,0,1,18.34452381,4
DSD07807-200111,1,50,male,0,0.001,0,0,0.818,0.181,0,0,35.73640111,139.7340014,53,35,ìy,2020/1/11,2,1,1,17.85418239,4
DSD07807-200111,2,23,female,0,0,0,0,0.003,0.995,0,0.001,35.73640111,139.7340014,51,35,ìy,2020/1/11,2,0,0,17.62650327,4
DSD07807-200111,3,47,female,0,0,0,0,0,0.965,0.035,0,35.73640111,139.7340014,50,35,ìy,2020/1/11,2,0,0,17.97833333,4
DSD07807-200111,4,35,male,0,0,0,0,0,1,0,0,35.73640111,139.7340014,44,35,ìy,2020/1/11,2,1,0,21.49901515,4
DSD07807-200111,5,16,female,0,0,0,0,0,1,0,0,35.73640111,139.7340014,41,35,ìy,2020/1/11,2,0,0,21.91711382,4
DSD07807-200111,6,40,female,0,0,0,0,0,0.998,0.001,0,35.73640111,139.7340014,37,35,ìy,2020/1/11,2,0,0,24.28274775,4
DSD07808-200111,1,67,female,0,0.001,0,0,0,0.858,0.138,0.003,35.73613778,139.7342522,176,35,ìy,2020/1/11,2,0,0,5.132537879,4
DSD07808-200111,2,60,female,0,0,0,0,0,0.993,0.007,0,35.73613778,139.7342522,96,35,ìy,2020/1/11,2,0,0,9.380486111,4
DSD07808-200111,3,48,female,0,0,0,0,0,1,0,0,35.73613778,139.7342522,56,35,ìy,2020/1/11,2,0,0,16.05583333,4
DSD07809-200111,1,50,female,0.002,0.001,0.001,0.001,0.001,0.905,0.078,0.011,35.7357125,139.7348714,97,35,ìy,2020/1/11,2,0,0,9.284140893,4
DSD07809-200111,2,49,female,0,0,0,0,0.05,0.844,0.106,0,35.7357125,139.7348714,85,35,ìy,2020/1/11,2,0,0,10.58990196,4
DSD07809-200111,3,60,male,0,0.001,0,0,0.071,0.925,0.003,0,35.7357125,139.7348714,82,35,ìy,2020/1/11,2,1,0,11.55227642,4
DSD07809-200111,4,59,female,0.001,0,0,0,0.001,0.89,0.107,0.001,35.7357125,139.7348714,76,35,ìy,2020/1/11,2,0,0,11.83982456,4
DSD07809-200111,5,15,female,0,0.001,0,0,0,0.998,0.001,0,35.7357125,139.7348714,58,35,ìy,2020/1/11,2,0,0,15.5033908,4
DSD07809-200111,6,23,female,0,0,0,0,0.001,0.997,0.002,0,35.7357125,139.7348714,41,35,ìy,2020/1/11,2,0,0,21.91711382,4
DSD07810-200111,1,62,female,0,0,0,0,0,0.926,0.073,0,35.73544472,139.7352286,366,35,ìy,2020/1/11,2,0,0,2.486275046,4
DSD07811-200111,1,29,male,0,0,0,0,0,0.999,0.001,0,35.73520083,139.7356578,81,35,ìy,2020/1/11,2,1,0,11.69446502,4
DSD07812-200111,1,55,female,0,0.01,0,0,0.55,0.434,0.005,0,35.73507833,139.7359794,283,35,ìy,2020/1/11,2,0,1,3.205200236,4
DSD07812-200111,2,18,female,0.001,0.008,0.001,0,0.003,0.723,0.264,0,35.73507833,139.7359794,150,35,ìy,2020/1/11,2,0,0,6.016111111,4
DSD07812-200111,3,35,female,0,0.003,0,0,0.014,0.979,0.004,0,35.73507833,139.7359794,138,35,ìy,2020/1/11,2,0,0,6.536207729,4
DSD07812-200111,4,47,male,0.003,0.001,0,0,0,0.965,0.03,0,35.73507833,139.7359794,135,35,ìy,2020/1/11,2,1,0,7.030679012,4
DSD07812-200111,5,41,female,0,0,0,0,0.01,0.982,0.004,0.004,35.73507833,139.7359794,88,35,ìy,2020/1/11,2,0,0,10.23007576,4
DSD07812-200111,6,51,female,0,0,0,0,0,0.997,0.002,0,35.73507833,139.7359794,68,35,ìy,2020/1/11,2,0,0,13.22862745,4
DSD07812-200111,7,30,female,0,0,0,0,0,0.997,0,0.003,35.73507833,139.7359794,56,35,ìy,2020/1/11,2,0,0,16.05583333,4
DSD07813-200111,1,52,female,0.001,0,0,0,0,0.99,0.003,0.005,35.73480806,139.7365903,127,35,ìy,2020/1/11,2,0,0,7.099304462,4
DSD07814-200111,1,65,female,0,0.008,0,0,0,0.988,0.004,0,35.73460083,139.7368908,97,35,ìy,2020/1/11,2,0,0,9.284140893,4
DSD07814-200111,2,25,female,0,0,0,0,0.001,0.977,0.005,0.017,35.73460083,139.7368908,87,35,ìy,2020/1/11,2,0,0,10.34726054,4
DSD07814-200111,3,34,female,0,0,0,0,0,0.998,0,0.002,35.73460083,139.7368908,69,35,ìy,2020/1/11,2,0,0,13.03741546,4
